ax,ay,az,gx,gy,gz,time
-0.11,-0.01,10.05,0.01,0.01,-0.0,1771658354.883868
-0.1,0.04,9.96,0.01,0.01,-0.0,1771658354.884232
-0.11,0.09,9.96,0.01,0.01,0.0,1771658354.884556
-0.11,0.09,9.96,0.01,0.01,0.0,1771658354.884892
-0.18,-0.02,9.96,0.01,0.01,0.0,1771658354.885221
-0.12,-0.04,9.98,0.01,0.02,0.0,1771658354.885546
-0.12,-0.04,9.98,0.02,0.01,0.0,1771658354.885741
-0.11,-0.03,9.98,0.01,0.01,0.0,1771658354.885949
-0.12,-0.04,9.95,0.01,0.01,0.0,1771658354.886144
-0.14,-0.02,9.96,0.02,0.01,-0.0,1771658354.886347
-0.14,-0.02,9.96,0.01,0.01,-0.0,1771658354.886543
-0.09,0.04,9.96,0.01,0.01,0.0,1771658354.886736
-0.09,0.0,9.96,0.01,0.01,0.0,1771658354.886925
-0.09,0.0,9.96,0.01,0.01,0.0,1771658354.887112
-0.1,-0.0,9.93,0.01,0.01,-0.0,1771658354.887309
-0.1,-0.04,9.94,0.02,0.01,0.01,1771658354.8875
-0.1,-0.04,9.94,0.02,0.01,-0.0,1771658354.887668
-0.19,-0.01,9.97,0.01,0.01,-0.0,1771658354.8878348
-0.17,0.02,9.96,0.01,0.01,0.0,1771658354.887993
-0.19,0.0,9.97,0.01,0.01,0.0,1771658354.888278
-0.19,0.0,9.97,0.01,0.01,0.0,1771658354.888536
-0.12,-0.07,9.97,0.01,0.0,-0.0,1771658354.888712
-0.09,-0.0,9.99,0.01,0.01,0.0,1771658354.889027
-0.09,-0.0,9.99,0.02,0.01,0.0,1771658354.889224
-0.11,-0.04,9.97,0.01,0.01,-0.0,1771658354.8894022
-0.07,-0.03,9.92,0.01,0.01,0.0,1771658354.889566
-0.07,-0.03,9.92,0.02,0.01,-0.0,1771658354.8897321
-0.13,0.07,9.94,0.01,0.01,-0.0,1771658354.889896
-0.52,0.2,10.77,-0.04,0.03,-0.0,1771658354.8900669
-0.08,-0.15,11.33,0.06,0.03,0.0,1771658354.890233
-0.08,-0.15,11.33,-0.02,0.01,-0.0,1771658354.8904252
-0.23,-0.03,10.93,0.05,0.01,0.0,1771658354.8906
-0.37,-0.07,10.61,-0.04,0.02,-0.0,1771658354.890781
-0.37,-0.07,10.61,0.05,0.01,0.0,1771658354.8909519
-0.18,-0.03,10.54,-0.01,0.01,0.0,1771658354.891134
-0.16,-0.09,10.36,0.05,0.01,0.0,1771658354.891326
-0.16,-0.09,10.36,-0.01,0.01,0.0,1771658354.891505
-0.02,0.04,9.75,0.02,0.02,0.0,1771658354.891667
-0.16,0.0,10.14,0.0,0.02,0.0,1771658354.891843
-0.16,0.0,10.08,0.02,0.01,0.0,1771658354.89201
-0.16,0.0,10.08,0.01,0.01,0.0,1771658354.8921769
-0.19,-0.04,10.07,0.01,0.01,-0.0,1771658354.892365
-0.16,0.06,9.98,0.0,0.01,0.0,1771658354.8925319
-0.16,0.06,9.98,0.01,0.01,-0.0,1771658354.892697
-0.11,-0.06,10.0,0.01,0.01,0.0,1771658354.8928692
-0.13,0.01,9.97,0.02,0.01,-0.0,1771658354.89309
-0.11,-0.04,9.95,0.01,0.01,0.0,1771658354.893277
-0.11,-0.04,9.95,0.01,0.01,0.0,1771658354.893455
-0.12,-0.04,9.93,0.01,0.01,-0.01,1771658354.893631
-0.11,0.04,9.99,0.01,0.01,0.0,1771658354.8937962
-0.11,0.04,9.99,0.01,0.01,-0.0,1771658354.8939881
-0.11,0.01,10.01,0.01,0.01,-0.0,1771658354.894166
-0.11,-0.02,9.95,0.01,0.01,-0.0,1771658354.894351
-0.11,-0.02,9.95,0.01,0.01,-0.0,1771658354.8945339
-0.2,0.01,9.98,0.01,0.01,-0.0,1771658354.894735
-0.24,0.01,9.94,0.02,0.01,-0.0,1771658354.8949199
-0.07,0.05,9.93,0.01,0.01,0.01,1771658354.895087
-0.07,0.05,9.93,0.01,0.01,0.0,1771658354.8952472
-0.08,-0.03,9.99,0.01,0.01,-0.0,1771658354.895404
-0.05,0.04,9.95,0.02,0.01,-0.0,1771658354.89555
-0.05,0.04,9.95,0.01,0.02,0.0,1771658354.895693
-0.13,-0.06,9.95,0.01,0.02,0.0,1771658354.89584
-0.11,-0.01,9.96,0.01,0.01,-0.0,1771658354.895998
-0.11,-0.01,9.96,0.01,0.01,0.0,1771658354.896144
-0.15,0.01,9.92,0.01,0.01,0.0,1771658354.8962848
-0.14,0.02,9.93,0.01,0.01,0.0,1771658354.89643
-0.08,-0.03,9.96,0.02,0.0,0.0,1771658354.8965771
-0.08,-0.03,9.96,0.01,0.01,0.0,1771658354.896721
-0.11,0.01,9.95,0.01,0.01,-0.01,1771658354.896873
-0.07,0.03,9.97,0.01,0.01,-0.01,1771658354.897016
-0.07,0.03,9.97,0.01,0.01,-0.0,1771658354.897163
-0.08,0.01,9.98,0.01,0.01,-0.0,1771658354.89731
-0.1,-0.01,9.97,0.01,0.01,-0.0,1771658354.897463
-0.17,-0.05,9.96,0.02,0.01,-0.0,1771658354.897614
-0.17,-0.05,9.96,0.01,0.01,-0.0,1771658354.89777
-0.17,0.0,9.94,0.01,0.02,-0.0,1771658354.897917
-0.22,0.0,9.97,0.01,0.01,0.0,1771658354.898083
-0.22,0.0,9.97,0.01,0.0,-0.0,1771658354.89824
-0.17,0.02,9.93,0.02,0.01,0.0,1771658354.898387
-0.13,0.01,9.96,0.02,0.01,-0.0,1771658354.898531
-0.13,0.01,9.96,0.01,0.01,0.0,1771658354.8986712
-0.09,-0.03,9.96,0.01,0.02,0.0,1771658354.898835
-0.11,-0.02,9.93,0.02,0.01,-0.0,1771658354.899007
-0.07,0.02,9.96,0.01,0.01,-0.0,1771658354.899153
-0.07,0.02,9.96,0.01,0.01,0.0,1771658354.89931
-0.14,0.05,9.94,0.01,0.01,0.0,1771658354.899446
-0.06,0.0,9.9,0.01,0.01,-0.0,1771658354.899576
-0.06,0.0,9.9,0.01,0.01,0.0,1771658354.899703
-0.12,0.0,9.94,0.01,0.01,0.0,1771658354.89983
-0.18,0.01,9.97,0.01,0.02,-0.0,1771658354.8999639
-0.18,0.01,9.97,0.01,0.01,0.0,1771658354.900096
-0.1,0.0,9.97,0.02,0.01,-0.0,1771658354.900227
-0.1,0.01,9.98,0.01,0.01,-0.0,1771658354.9003599
-0.1,-0.0,9.98,0.01,0.01,-0.0,1771658354.900508
-0.1,-0.0,9.98,0.01,0.01,-0.0,1771658354.900643
-0.14,-0.07,9.95,0.01,0.02,-0.0,1771658354.9007769
-0.12,-0.02,10.01,0.01,0.01,-0.0,1771658354.9009159
-0.12,-0.02,10.01,0.01,0.01,-0.0,1771658354.901149
-0.11,0.0,9.99,0.01,0.01,0.0,1771658354.901321
-0.16,-0.06,9.9,0.01,0.01,0.0,1771658354.901474
-0.16,-0.06,9.9,0.01,0.01,-0.0,1771658354.901626
-0.11,-0.01,9.99,0.01,0.02,-0.0,1771658354.901783
-0.12,0.02,9.97,0.01,0.01,-0.0,1771658354.901931
-0.08,-0.0,9.97,0.01,0.01,-0.0,1771658354.902081
-0.08,-0.0,9.97,0.01,0.01,0.0,1771658354.902226
-0.15,0.03,9.92,0.01,0.01,0.0,1771658354.902376
-0.09,0.01,9.92,0.01,0.01,-0.0,1771658354.902522
-0.09,0.01,9.92,0.01,0.02,0.0,1771658354.902663
-0.17,0.04,9.98,0.02,0.01,0.0,1771658354.902804
-0.09,0.0,9.95,0.01,0.01,-0.01,1771658354.902959
-0.06,-0.03,9.96,0.02,0.01,0.0,1771658354.9032419
-0.06,-0.03,9.96,0.01,0.01,0.0,1771658354.903449
-0.1,-0.02,9.95,0.01,0.01,-0.0,1771658354.903616
-0.09,-0.02,9.95,0.01,0.01,-0.0,1771658354.903776
-0.09,-0.02,9.95,0.01,0.01,-0.0,1771658354.903927
-0.1,0.0,9.98,0.02,0.01,0.0,1771658354.904066
-0.11,0.0,9.96,0.01,0.01,0.0,1771658354.904269
-0.11,0.0,9.96,0.01,0.01,0.0,1771658354.904433
-0.15,0.0,9.99,0.01,0.01,-0.01,1771658354.904574
-1.91,0.46,8.02,-0.3,-1.13,-0.14,1771658354.904705
1.43,-0.84,9.44,-0.06,-0.78,-0.42,1771658354.9048388
1.43,-0.84,9.44,-0.28,-0.51,-0.24,1771658354.904974
1.4,0.0,7.88,0.26,-0.06,0.11,1771658354.905094
3.36,-1.02,10.78,-0.17,-0.1,0.14,1771658354.905233
3.36,-1.02,10.78,0.1,0.06,0.55,1771658354.905355
-0.84,-0.59,2.71,-0.02,0.26,0.27,1771658354.9054852
-0.9,0.03,9.45,0.19,0.46,0.03,1771658354.905602
-0.9,0.03,9.45,0.96,0.82,-0.15,1771658354.9057221
-1.83,0.43,10.47,-0.04,1.07,-0.2,1771658354.905848
-1.11,4.41,19.98,-0.09,1.43,-0.12,1771658354.905986
-0.5,-0.05,9.85,-0.07,1.25,-0.06,1771658354.906111
-0.5,-0.05,9.85,-0.07,0.97,-0.07,1771658354.906234
-0.85,-0.04,9.39,-0.05,0.73,-0.06,1771658354.906362
-1.65,-0.52,10.79,-0.09,0.62,-0.01,1771658354.90649
-1.65,-0.52,10.79,-0.12,0.4,0.04,1771658354.906614
-1.84,-0.19,13.54,0.1,0.58,0.0,1771658354.9067352
-0.94,-0.2,10.36,0.04,0.35,-0.08,1771658354.9068632
-1.01,0.02,11.04,0.08,-0.01,0.04,1771658354.906985
-1.01,0.02,11.04,-0.03,0.21,0.06,1771658354.907108
-0.22,-0.09,10.13,-0.02,0.3,0.2,1771658354.907232
-1.05,-0.38,9.94,-0.08,0.39,0.26,1771658354.907357
-1.05,-0.38,9.94,-0.07,0.21,0.27,1771658354.907478
-0.69,-1.52,9.6,-0.02,0.13,0.22,1771658354.907598
-2.28,0.19,10.26,-0.07,0.09,0.19,1771658354.907719
-2.28,0.19,10.26,-0.12,0.07,-0.02,1771658354.908003
-1.37,0.34,9.83,-0.13,-0.03,-0.24,1771658354.90814
-1.02,1.22,7.44,-0.09,-0.06,-0.33,1771658354.9082692
-0.32,-0.53,9.97,0.0,-0.15,-0.37,1771658354.908396
-0.32,-0.53,9.97,-0.26,-0.22,-0.26,1771658354.908532
-0.94,-0.51,9.23,-0.11,-0.24,-0.2,1771658354.908664
0.52,0.15,10.18,0.05,-0.22,-0.13,1771658354.908787
0.52,0.15,10.18,0.05,-0.4,0.2,1771658354.908909
-1.05,-0.01,11.04,0.0,-0.48,0.19,1771658354.909036
-0.57,-0.05,10.48,-0.01,-0.46,0.19,1771658354.909208
-0.57,-0.05,10.48,0.04,-0.33,0.22,1771658354.9096751
-2.04,-0.53,10.3,0.04,-0.35,0.09,1771658354.909983
-1.3,-0.67,9.62,0.08,-0.28,0.02,1771658354.910217
-0.78,-0.34,10.39,0.2,-0.05,-0.1,1771658354.910387
-0.78,-0.34,10.39,0.11,-0.01,-0.14,1771658354.91056
-0.63,-0.4,10.63,0.04,0.04,-0.16,1771658354.91071
-0.48,0.05,10.06,-0.03,0.04,-0.17,1771658354.910879
-0.48,0.05,10.06,-0.01,-0.0,-0.15,1771658354.911032
-0.23,-0.43,9.68,0.12,0.04,-0.03,1771658354.911165
0.3,-0.73,9.4,0.19,0.06,0.06,1771658354.911315
0.3,-0.73,9.4,0.22,0.06,0.15,1771658354.911757
-0.5,0.04,9.46,0.19,0.01,0.16,1771658354.9121652
-0.91,0.03,9.35,0.15,-0.06,0.15,1771658354.912406
-0.98,0.28,9.18,0.11,-0.1,0.17,1771658354.912582
-0.98,0.28,9.18,0.04,-0.06,0.18,1771658354.912746
-1.23,0.39,8.69,0.01,0.05,0.14,1771658354.913146
-1.83,-0.05,7.67,-0.01,0.11,0.04,1771658354.9136698
-1.83,-0.05,7.67,-0.06,0.02,0.09,1771658354.913814
-1.13,0.12,7.95,-0.11,-0.05,0.12,1771658354.914028
-0.93,-0.05,7.97,-0.13,-0.07,0.08,1771658354.9141471
0.23,-1.14,9.63,-0.17,-0.05,0.09,1771658354.91426
0.23,-1.14,9.63,-0.2,-0.02,0.12,1771658354.914371
0.18,-0.26,9.89,-0.21,0.16,0.01,1771658354.914476
0.44,0.44,14.44,0.21,0.26,-0.22,1771658354.914617
0.44,0.44,14.44,0.21,0.15,-0.19,1771658354.914732
-0.05,0.46,14.22,0.18,0.0,-0.17,1771658354.91484
-1.03,-0.18,12.03,0.15,-0.05,-0.27,1771658354.914953
-1.03,-0.18,12.03,0.14,0.01,-0.24,1771658354.915062
-1.28,0.01,10.6,0.1,-0.01,-0.15,1771658354.915191
-1.82,-0.27,8.31,0.21,0.05,-0.1,1771658354.915305
-1.4,-0.64,7.02,0.26,0.12,-0.07,1771658354.915413
-1.4,-0.64,7.02,0.2,0.13,-0.01,1771658354.915521
-1.57,-0.34,6.81,-0.01,0.11,0.07,1771658354.915634
-1.28,0.21,6.77,-0.13,0.03,0.16,1771658354.915738
-1.28,0.21,6.77,-0.26,-0.09,0.2,1771658354.9158459
-1.58,0.41,6.62,-0.33,-0.08,0.07,1771658354.9159548
-0.57,-0.43,8.57,-0.31,0.02,0.02,1771658354.916066
-0.57,-0.43,8.57,-0.28,0.12,0.03,1771658354.916173
1.33,-0.36,12.86,0.04,0.31,0.02,1771658354.916276
1.58,-0.23,16.59,0.23,0.25,-0.05,1771658354.916384
1.6,0.62,16.79,0.22,0.08,-0.08,1771658354.916491
1.6,0.62,16.79,0.12,-0.33,-0.08,1771658354.9166012
0.79,0.35,12.11,0.18,-0.38,-0.14,1771658354.916712
-0.22,-0.1,7.58,0.43,-0.61,0.1,1771658354.9168189
-0.22,-0.1,7.58,0.55,-0.69,0.16,1771658354.916928
-2.08,0.26,6.08,0.58,-0.64,0.15,1771658354.9170291
-2.61,0.55,6.13,0.23,-0.46,0.11,1771658354.917123
-3.61,0.39,5.42,-0.02,-0.32,0.08,1771658354.9172192
-3.61,0.39,5.42,-0.21,-0.18,0.11,1771658354.917315
-2.88,0.48,5.01,-0.45,0.08,0.32,1771658354.917407
-1.39,-1.68,7.37,-0.5,0.29,0.17,1771658354.9175029
-1.39,-1.68,7.37,-0.35,0.56,-0.08,1771658354.9176
2.53,-2.83,9.65,0.0,0.85,-0.47,1771658354.9176939
3.97,0.08,20.04,0.47,0.57,-0.39,1771658354.9177868
3.97,0.08,20.04,0.29,0.58,-0.39,1771658354.917879
1.82,1.61,18.03,0.16,-0.26,-0.18,1771658354.917998
0.02,-0.63,12.76,-0.03,-0.56,-0.22,1771658354.918118
-1.14,0.2,7.76,-0.07,-0.81,-0.07,1771658354.918219
-1.14,0.2,7.76,0.17,-0.75,-0.07,1771658354.918313
-1.97,0.14,6.69,0.35,-0.58,-0.09,1771658354.918408
-2.88,0.56,7.89,0.4,-0.44,-0.09,1771658354.9185019
-2.88,0.56,7.89,0.13,-0.05,-0.03,1771658354.918598
-3.55,0.63,7.81,-0.09,0.18,-0.02,1771658354.918693
-3.14,0.38,5.88,-0.27,0.35,0.02,1771658354.918785
-3.14,0.38,5.88,-0.4,0.55,0.15,1771658354.918877
-1.64,-0.3,4.89,-0.47,0.52,0.23,1771658354.918972
1.31,-1.27,8.66,-0.59,0.43,0.32,1771658354.919064
1.82,-1.02,12.68,-0.65,0.39,0.15,1771658354.919157
1.82,-1.02,12.68,-0.49,0.51,-0.08,1771658354.919253
2.73,0.87,16.47,0.01,0.57,-0.21,1771658354.9193442
0.43,0.4,17.14,0.21,0.18,-0.2,1771658354.926083
0.43,0.4,17.14,0.19,-0.02,-0.25,1771658354.939029
0.66,-0.29,10.81,0.22,-0.24,-0.14,1771658354.952066
-0.27,-0.14,7.99,0.46,-0.79,0.11,1771658354.965131
-1.43,0.41,7.44,0.48,-0.87,0.13,1771658354.978166
-1.43,0.41,7.44,0.45,-0.73,0.1,1771658354.991075
-1.91,0.49,6.86,0.12,-0.23,0.04,1771658355.004236
-1.5,-0.07,6.88,-0.09,0.1,-0.08,1771658355.0173252
-1.5,-0.07,6.88,-0.21,0.15,-0.07,1771658355.030282
-1.41,0.27,6.87,-0.35,-0.01,0.14,1771658355.0432699
-0.75,-0.87,8.38,-0.38,-0.03,0.18,1771658355.0562701
-0.75,-0.87,8.38,-0.63,-0.02,0.18,1771658355.069298
0.19,-0.96,10.92,0.07,0.1,0.04,1771658355.082239
0.34,-0.16,15.61,0.41,0.17,-0.14,1771658355.09533
1.09,0.19,16.1,0.22,0.05,-0.09,1771658355.108237
1.09,0.19,16.1,0.06,-0.11,-0.08,1771658355.1213021
0.57,0.13,10.25,0.06,-0.2,-0.05,1771658355.134284
1.65,-0.2,7.73,0.12,-0.16,-0.18,1771658355.147267
1.65,-0.2,7.73,0.27,-0.51,-0.12,1771658355.160274
-0.01,-0.1,7.69,0.28,-0.75,-0.03,1771658355.173321
-1.77,0.02,8.22,0.05,-0.77,0.07,1771658355.186291
-1.77,0.02,8.22,-0.07,-0.62,0.1,1771658355.199297
-2.22,0.11,7.65,-0.1,-0.45,0.15,1771658355.212325
-1.14,-0.25,5.87,0.09,-0.26,0.23,1771658355.225474
0.49,-0.92,9.56,0.28,-0.34,0.22,1771658355.238301
0.49,-0.92,9.56,0.37,-0.47,0.18,1771658355.251453
2.47,-0.1,12.24,0.18,-0.86,0.17,1771658355.26434
2.82,0.97,11.14,0.18,-1.12,0.13,1771658355.2772841
2.82,0.97,11.14,0.3,-1.55,0.13,1771658355.2903821
3.76,-0.07,10.24,0.6,-2.29,0.31,1771658355.303338
2.37,0.12,10.4,0.63,-2.48,0.39,1771658355.3163562
2.37,0.12,10.4,0.55,-2.62,0.57,1771658355.329328
0.61,0.61,11.82,0.27,-1.88,0.76,1771658355.34237
-2.24,1.38,11.76,-0.02,-0.93,0.59,1771658355.35534
-1.94,1.32,10.14,0.1,0.15,0.39,1771658355.3684149
-1.94,1.32,10.14,0.01,1.91,-0.29,1771658355.381435
0.09,0.79,10.45,-0.1,2.11,-0.46,1771658355.394326
2.26,0.03,9.72,-0.14,2.06,-0.41,1771658355.4074922
2.26,0.03,9.72,-0.06,1.9,-0.22,1771658355.420377
1.12,0.44,10.26,-0.04,1.94,-0.26,1771658355.433621
0.78,0.32,11.31,-0.06,2.04,-0.3,1771658355.446346
1.44,0.34,10.38,-0.15,2.0,-0.42,1771658355.459342
1.44,0.34,10.38,-0.19,1.85,-0.39,1771658355.472395
1.87,-0.23,9.54,-0.22,1.53,-0.29,1771658355.4853811
1.68,-0.19,8.32,-0.32,0.64,-0.09,1771658355.498667
1.68,-0.19,8.32,-0.31,0.03,0.04,1771658355.511317
1.49,-0.58,7.62,-0.14,-1.07,0.18,1771658355.524429
1.89,-0.12,8.02,-0.05,-1.65,0.23,1771658355.5373719
1.89,-0.12,8.02,-0.01,-2.2,0.31,1771658355.550462
2.51,0.04,8.73,0.28,-3.29,0.66,1771658355.563314
2.2,0.22,10.19,0.16,-3.72,0.69,1771658355.576378
1.6,-0.17,10.98,0.02,-3.95,0.74,1771658355.589422
1.6,-0.17,10.98,-0.07,-3.68,0.83,1771658355.602408
0.07,0.18,11.28,-0.0,-3.1,0.86,1771658355.6154292
-1.15,1.19,12.07,-0.04,-2.0,0.75,1771658355.628503
-1.15,1.19,12.07,-0.11,0.87,0.17,1771658355.6414368
-0.75,0.78,11.54,-0.23,1.78,-0.07,1771658355.654468
1.51,0.33,10.29,-0.29,2.26,-0.19,1771658355.6674292
1.51,0.33,10.29,-0.18,2.64,-0.55,1771658355.6804779
1.95,0.22,9.7,-0.06,2.63,-0.65,1771658355.693401
1.82,0.23,10.44,-0.02,2.52,-0.63,1771658355.706512
1.56,0.15,10.72,-0.14,2.16,-0.58,1771658355.719468
1.56,0.15,10.72,-0.16,1.94,-0.52,1771658355.7324018
1.56,0.12,9.92,-0.11,1.68,-0.43,1771658355.745413
2.01,-0.13,8.73,-0.12,0.94,-0.31,1771658355.7584572
2.01,-0.13,8.73,-0.06,0.41,-0.26,1771658355.771353
3.71,-0.33,7.13,0.03,-0.36,-0.25,1771658355.784371
4.85,-0.74,7.6,0.19,-2.26,-0.13,1771658355.797441
3.76,-0.54,8.37,0.2,-3.04,-0.04,1771658355.810379
3.76,-0.54,8.37,0.33,-3.63,0.08,1771658355.8233879
1.45,-0.83,11.25,0.51,-3.97,0.5,1771658355.836637
-0.5,1.07,13.13,0.4,-3.68,0.73,1771658355.8500538
-0.5,1.07,13.13,0.32,-2.91,0.77,1771658355.862401
-2.22,0.89,10.91,0.18,-1.44,0.32,1771658355.875266
1.07,0.1,8.74,0.57,-0.6,0.41,1771658355.888389
1.07,0.1,8.74,0.63,0.44,0.3,1771658355.901254
0.84,-0.27,11.68,-0.11,1.89,-0.09,1771658355.91443
1.22,0.34,10.46,-0.1,2.28,-0.06,1771658355.9274082
0.75,1.47,14.62,0.1,2.75,-0.14,1771658355.9405088
0.75,1.47,14.62,0.04,3.33,-0.52,1771658355.953439
2.64,0.24,11.69,-0.08,3.25,-0.52,1771658355.966485
2.25,-0.49,9.63,-0.24,3.05,-0.43,1771658355.979369
2.25,-0.49,9.63,-0.24,2.63,-0.23,1771658355.992477
1.57,0.19,9.18,-0.27,2.43,-0.25,1771658356.005441
2.94,-0.18,8.17,-0.35,1.54,-0.13,1771658356.0183868
2.94,-0.18,8.17,-0.34,0.83,-0.07,1771658356.031492
3.42,0.0,7.28,-0.25,-0.04,-0.01,1771658356.0444212
3.78,0.65,7.19,-0.02,-1.81,-0.13,1771658356.057657
5.27,-1.28,7.58,0.03,-2.91,-0.04,1771658356.070527
5.27,-1.28,7.58,-0.01,-3.92,0.17,1771658356.083522
3.56,-0.01,8.47,-0.15,-5.05,0.04,1771658356.096426
1.92,0.23,9.86,0.38,-5.29,0.03,1771658356.1094751
1.92,0.23,9.86,0.36,-5.24,0.08,1771658356.122654
-0.01,-0.39,12.22,0.41,-3.26,0.51,1771658356.135938
-3.01,0.84,20.59,0.15,-0.88,0.66,1771658356.148583
-3.01,0.84,20.59,-0.27,1.15,0.31,1771658356.1614048
-0.96,0.7,13.04,-0.22,3.7,0.0,1771658356.1746602
1.87,0.5,9.28,-0.12,3.93,-0.22,1771658356.187603
3.21,0.32,8.69,-0.12,3.76,-0.39,1771658356.200632
3.21,0.32,8.69,0.04,2.88,-0.22,1771658356.2134888
1.95,0.2,10.64,0.03,2.56,-0.11,1771658356.226536
0.44,0.12,11.77,0.05,2.45,-0.06,1771658356.23951
0.44,0.12,11.77,-0.07,2.83,-0.21,1771658356.252447
0.55,0.01,12.25,-0.19,2.98,-0.22,1771658356.2655418
1.5,-0.29,10.75,-0.35,2.92,-0.24,1771658356.278451
2.25,0.09,8.6,-0.39,2.36,-0.25,1771658356.291518
2.25,0.09,8.6,-0.35,1.79,-0.2,1771658356.3046532
2.11,-0.33,7.46,-0.28,1.04,-0.11,1771658356.317517
2.22,-0.39,6.62,-0.08,-0.47,-0.01,1771658356.330521
2.22,-0.39,6.62,0.03,-1.28,0.08,1771658356.3434591
1.71,-0.08,7.23,0.1,-2.09,0.02,1771658356.356541
3.24,-0.69,7.55,0.25,-3.85,-0.19,1771658356.369455
3.24,-0.69,7.55,0.11,-4.5,-0.11,1771658356.382443
2.22,-1.02,8.82,0.39,-4.85,0.02,1771658356.395529
0.76,-1.27,10.39,0.67,-4.25,0.45,1771658356.4085178
-0.76,0.92,14.03,0.4,-3.33,0.57,1771658356.42153
-0.76,0.92,14.03,0.19,-2.21,0.47,1771658356.43446
-0.95,1.29,13.27,0.09,-0.01,0.07,1771658356.44749
1.58,0.36,11.09,0.07,0.79,0.09,1771658356.4605482
1.58,0.36,11.09,-0.13,1.75,0.08,1771658356.4734452
2.14,0.16,10.4,-0.28,1.78,0.03,1771658356.4865339
2.72,-0.22,9.23,-0.26,1.55,0.09,1771658356.499552
2.72,-0.22,9.23,-0.06,1.78,0.12,1771658356.512513
0.27,0.29,10.72,-0.03,2.22,-0.02,1771658356.525494
-0.43,0.2,12.77,-0.19,2.67,-0.19,1771658356.538541
0.68,-0.03,11.83,-0.46,3.3,-0.5,1771658356.551504
0.68,-0.03,11.83,-0.54,3.23,-0.56,1771658356.564574
2.49,-0.56,9.62,-0.52,2.87,-0.5,1771658356.5775669
2.3,-0.45,8.33,-0.38,1.47,-0.22,1771658356.590614
2.3,-0.45,8.33,-0.27,0.79,-0.14,1771658356.603331
1.31,-0.61,7.3,-0.14,0.25,-0.09,1771658356.616382
0.47,-0.53,7.85,0.0,-0.46,-0.1,1771658356.629719
0.59,-0.46,8.66,-0.0,-0.72,-0.07,1771658356.6425831
0.59,-0.46,8.66,-0.03,-0.96,-0.07,1771658356.6554072
1.11,-0.48,8.67,-0.05,-1.54,-0.07,1771658356.668355
1.56,-0.35,7.92,-0.01,-1.9,-0.09,1771658356.681293
1.56,-0.35,7.92,0.17,-2.35,-0.11,1771658356.694279
2.09,-0.61,9.13,0.34,-3.17,0.02,1771658356.7072299
1.25,-1.15,9.4,0.53,-3.27,0.14,1771658356.7203789
1.25,-1.15,9.4,0.6,-3.07,0.28,1771658356.7334359
0.53,-0.53,12.6,0.32,-1.86,0.37,1771658356.746291
-3.04,1.86,18.83,-0.14,-0.33,0.08,1771658356.759385
2.98,-1.06,9.03,-0.26,-0.09,-0.12,1771658356.7724018
2.98,-1.06,9.03,0.14,0.09,0.21,1771658356.785308
2.22,0.01,10.2,0.05,0.24,0.15,1771658356.798403
1.73,-0.27,9.59,-0.14,0.38,0.13,1771658356.8113668
1.73,-0.27,9.59,-0.26,0.59,0.08,1771658356.824356
1.77,-0.86,10.35,-0.27,0.79,0.18,1771658356.837385
0.34,-0.07,11.32,-0.28,1.16,0.15,1771658356.850441
0.34,-0.07,11.32,-0.38,1.92,-0.05,1771658356.863513
1.34,-0.28,10.7,-0.39,2.0,-0.1,1771658356.876555
1.78,-0.37,9.57,-0.32,1.85,-0.12,1771658356.8895009
1.8,-0.75,9.06,-0.08,1.27,-0.11,1771658356.9026098
1.8,-0.75,9.06,-0.06,0.95,-0.11,1771658356.9155462
0.99,-0.75,9.6,-0.1,0.72,-0.1,1771658356.9286
0.58,-0.65,9.42,-0.11,0.44,-0.11,1771658356.941814
0.58,-0.65,9.42,-0.08,0.34,-0.11,1771658356.954529
0.89,-0.34,9.49,-0.04,-0.08,-0.24,1771658356.967597
3.65,0.13,8.52,0.0,-0.63,-0.3,1771658356.980549
3.65,0.13,8.52,0.1,-1.63,-0.21,1771658356.993582
3.17,-1.69,7.12,0.4,-3.44,0.24,1771658357.006526
1.04,-1.76,9.73,0.38,-3.74,0.5,1771658357.0195699
-0.16,-0.47,12.44,0.22,-3.56,0.67,1771658357.032584
-0.16,-0.47,12.44,-0.03,-2.32,0.66,1771658357.045623
0.86,0.53,12.04,0.09,-1.21,0.42,1771658357.058572
3.83,-1.21,8.57,0.05,-0.85,0.18,1771658357.07165
3.83,-1.21,8.57,0.19,-0.87,0.32,1771658357.0846531
3.64,-0.47,9.35,0.16,-0.8,0.32,1771658357.0976782
2.96,-0.63,9.44,0.14,-0.67,0.34,1771658357.110613
2.42,-0.45,9.45,0.17,-0.28,0.22,1771658357.123661
2.42,-0.45,9.45,0.2,0.07,0.19,1771658357.136775
1.01,0.25,10.08,0.28,0.78,0.07,1771658357.14963
1.41,-0.11,10.41,0.27,1.94,-0.14,1771658357.1626291
1.41,-0.11,10.41,0.28,2.19,-0.17,1771658357.175764
2.35,-0.43,9.95,0.16,2.26,-0.19,1771658357.188786
2.34,-0.61,10.24,0.15,2.1,-0.2,1771658357.201623
2.34,-0.61,10.24,-0.04,2.02,-0.26,1771658357.214593
2.5,-0.24,10.35,-0.04,1.92,-0.29,1771658357.2276008
1.79,-0.57,10.4,-0.01,1.56,-0.27,1771658357.240832
1.18,-0.45,9.88,-0.01,1.48,-0.21,1771658357.253689
1.18,-0.45,9.88,-0.02,1.45,-0.2,1771658357.266669
1.5,-0.54,9.91,-0.09,1.32,-0.1,1771658357.279661
1.18,-0.83,9.5,-0.17,1.15,0.02,1771658357.292647
1.18,-0.83,9.5,-0.23,1.0,0.11,1771658357.305811
1.72,-0.78,9.06,-0.37,0.41,0.24,1771658357.318672
1.84,0.0,8.29,-0.4,-0.07,0.22,1771658357.331656
1.84,0.0,8.29,-0.36,-0.69,0.1,1771658357.344633
3.08,-0.44,7.17,0.03,-2.27,0.04,1771658357.357783
2.58,-0.77,8.51,0.17,-2.89,0.06,1771658357.3707101
1.84,-0.55,8.91,0.18,-3.23,0.06,1771658357.383668
1.84,-0.55,8.91,0.33,-3.2,-0.04,1771658357.3966908
1.65,-0.55,11.21,0.23,-2.89,-0.05,1771658357.409672
1.34,-0.82,10.27,0.27,-1.9,0.15,1771658357.4226649
1.34,-0.82,10.27,0.19,-1.02,0.25,1771658357.435654
0.05,-0.11,11.81,0.16,-0.03,0.25,1771658357.448672
0.31,-0.09,11.95,-0.07,1.82,0.04,1771658357.461625
1.24,0.16,10.96,-0.1,2.35,-0.04,1771658357.4748118
1.24,0.16,10.96,-0.0,2.63,-0.14,1771658357.4875112
2.24,-0.19,11.17,0.01,2.73,-0.21,1771658357.500469
1.82,-0.32,11.18,-0.06,2.71,-0.22,1771658357.513421
1.82,-0.32,11.18,-0.12,2.72,-0.24,1771658357.5264618
1.61,-0.38,10.56,-0.22,2.48,-0.17,1771658357.539424
1.18,-0.23,9.84,-0.22,2.24,-0.15,1771658357.552535
1.18,-0.23,9.84,-0.18,1.92,-0.14,1771658357.5654678
1.28,-0.47,8.71,-0.14,1.1,-0.08,1771658357.578458
1.68,-1.02,8.35,-0.17,0.63,0.01,1771658357.5915241
1.46,-0.34,7.85,-0.25,0.15,0.02,1771658357.604502
1.46,-0.34,7.85,-0.31,-1.33,-0.2,1771658357.617557
1.97,-0.57,6.53,-0.14,-2.15,-0.29,1771658357.630506
2.7,-0.89,7.07,-0.06,-2.88,-0.42,1771658357.643587
2.7,-0.89,7.07,0.3,-4.01,-0.33,1771658357.656629
1.74,-1.96,9.81,0.25,-4.01,-0.16,1771658357.6696892
-0.4,-0.45,12.7,0.26,-3.52,-0.06,1771658357.6827369
-0.4,-0.45,12.7,-0.16,-1.88,-0.32,1771658357.69573
1.0,0.86,11.77,-0.14,-1.43,-0.58,1771658357.708718
4.85,0.42,8.38,0.02,-1.39,-0.85,1771658357.7216582
6.13,-1.93,7.68,0.46,-2.52,-0.88,1771658357.7347069
6.13,-1.93,7.68,0.44,-2.02,-0.68,1771658357.7477682
0.86,-1.09,11.08,-0.04,-1.7,-0.62,1771658357.760733
0.42,-0.59,9.62,0.23,0.02,-0.0,1771658357.773846
0.42,-0.59,9.62,0.26,1.34,-0.0,1771658357.786744
0.28,1.07,12.99,0.02,2.22,-0.18,1771658357.7997599
2.1,0.42,9.72,0.11,2.65,-0.21,1771658357.8127239
2.33,-0.69,7.63,0.11,2.44,-0.1,1771658357.8257122
2.33,-0.69,7.63,0.19,2.23,0.07,1771658357.838758
1.34,-0.83,9.64,0.09,2.15,0.29,1771658357.851674
1.35,-0.49,9.83,-0.23,2.22,0.32,1771658357.86495
1.35,-0.49,9.83,-0.27,2.27,0.36,1771658357.877711
1.04,-0.08,10.08,-0.13,2.2,0.33,1771658357.890698
1.29,-0.57,9.84,-0.06,2.02,0.31,1771658357.9038012
1.29,-0.57,9.84,-0.32,1.66,0.28,1771658357.916794
0.72,-0.98,10.84,-0.52,1.48,0.26,1771658357.929792
0.59,-1.26,9.46,-0.57,1.31,0.19,1771658357.942809
0.64,-0.57,9.34,-0.46,1.14,0.24,1771658357.955696
0.64,-0.57,9.34,-0.3,0.95,0.21,1771658357.9686909
0.98,-0.56,9.3,-0.13,0.74,0.22,1771658357.981774
0.38,-0.42,9.72,0.01,0.4,0.16,1771658357.994729
0.38,-0.42,9.72,-0.0,0.25,0.13,1771658358.007728
0.42,-0.61,9.61,-0.01,0.16,0.13,1771658358.0207648
-0.2,-0.35,9.98,-0.03,0.22,0.08,1771658358.033828
-0.2,-0.35,9.98,-0.06,0.3,0.04,1771658358.046783
0.0,-0.57,9.85,-0.09,0.31,0.03,1771658358.059714
0.19,-0.28,9.48,-0.02,0.14,0.02,1771658358.077368
0.64,-0.37,9.35,0.07,-0.09,-0.01,1771658358.085783
0.64,-0.37,9.35,0.11,-0.32,-0.01,1771658358.098731
0.24,-0.37,9.61,0.06,-0.53,-0.07,1771658358.111767
0.16,-0.7,9.79,0.02,-0.62,-0.05,1771658358.124754
0.16,-0.7,9.79,-0.02,-0.63,-0.11,1771658358.137727
0.71,-0.5,9.61,-0.03,-0.96,-0.21,1771658358.150916
0.53,-0.74,9.42,0.08,-1.07,-0.19,1771658358.163745
0.53,-0.74,9.42,0.17,-1.01,-0.15,1771658358.176765
-0.75,-0.91,10.75,0.14,-0.38,-0.02,1771658358.189764
-1.19,-0.8,11.4,0.04,0.1,0.03,1771658358.2027981
-0.88,-0.5,10.59,-0.05,0.53,0.05,1771658358.215749
-0.88,-0.5,10.59,-0.05,1.0,0.07,1771658358.2288132
-0.29,-0.43,10.14,-0.01,1.07,0.07,1771658358.241966
-0.06,-0.8,10.3,0.01,1.08,0.08,1771658358.254852
-0.06,-0.8,10.3,-0.01,1.13,0.13,1771658358.267843
-0.41,-0.92,10.76,-0.01,1.28,0.18,1771658358.2807941
-1.37,-0.4,11.45,-0.12,1.55,0.17,1771658358.293838
-1.32,-0.35,10.95,-0.16,2.09,0.06,1771658358.306932
-1.32,-0.35,10.95,-0.2,2.17,-0.01,1771658358.31988
-0.88,-0.3,11.18,-0.27,2.15,-0.1,1771658358.332791
-0.46,-1.18,8.53,-0.36,1.68,-0.13,1771658358.3458402
-0.46,-1.18,8.53,-0.3,1.3,-0.04,1771658358.358801
-1.3,-1.06,8.11,-0.21,0.78,0.09,1771658358.3718
-2.07,-0.68,9.07,-0.25,0.76,0.02,1771658358.384812
-2.07,-0.68,9.07,-0.26,0.73,-0.05,1771658358.3978229
-1.61,-0.51,8.89,-0.23,0.26,-0.17,1771658358.410827
-1.02,-0.81,7.81,-0.19,-0.22,-0.17,1771658358.423975
-0.34,-0.06,11.28,-0.09,-0.78,-0.19,1771658358.436908
-0.34,-0.06,11.28,-0.02,-2.27,-0.32,1771658358.449895
1.47,-1.35,6.77,0.14,-3.2,-0.24,1771658358.462848
0.84,-1.49,9.06,0.27,-3.93,-0.2,1771658358.4757519
0.84,-1.49,9.06,0.4,-4.66,-0.1,1771658358.488837
1.13,-1.2,10.93,0.37,-4.49,-0.21,1771658358.501874
1.47,-1.12,11.76,0.34,-4.36,-0.34,1771658358.514831
1.47,-1.12,11.76,0.43,-3.96,-0.34,1771658358.5278342
0.27,-1.23,12.56,0.34,-2.94,-0.2,1771658358.540884
-2.97,-1.04,13.66,-0.37,-1.68,-0.17,1771658358.553956
-0.63,-1.43,9.07,0.48,0.32,0.3,1771658358.567039
-0.63,-1.43,9.07,0.55,1.52,0.49,1771658358.579839
-0.96,-0.15,13.96,-0.1,2.7,0.47,1771658358.5929458
0.45,-0.15,9.66,-0.44,3.79,0.17,1771658358.605941
0.45,-0.15,9.66,-0.37,3.68,0.12,1771658358.6188228
0.93,-0.34,9.36,-0.24,3.37,0.06,1771658358.631865
0.65,-0.7,9.33,0.01,2.53,-0.01,1771658358.644777
0.4,-1.04,9.44,-0.05,2.11,-0.01,1771658358.657922
0.4,-1.04,9.44,-0.09,1.73,-0.02,1771658358.671024
0.09,-1.09,9.23,-0.03,1.18,-0.05,1771658358.683949
-0.36,-0.94,9.78,-0.03,0.99,-0.08,1771658358.696877
-0.36,-0.94,9.78,-0.06,0.83,-0.11,1771658358.709857
-0.52,-1.29,9.51,-0.06,0.57,-0.05,1771658358.72302
-1.22,-1.06,9.79,-0.06,0.58,-0.06,1771658358.735958
-1.22,-1.06,9.79,-0.05,0.65,-0.05,1771658358.7488909
-1.36,-1.19,10.0,-0.12,0.88,-0.05,1771658358.7618072
-1.26,-0.89,9.86,-0.17,0.86,-0.04,1771658358.77505
-1.62,-0.85,9.4,-0.17,0.78,-0.05,1771658358.787914
-1.62,-0.85,9.4,-0.04,0.63,-0.08,1771658358.8009012
-1.51,-0.77,9.62,-0.0,0.5,-0.07,1771658358.813968
-1.81,-0.85,9.7,-0.04,0.41,-0.06,1771658358.826933
-1.81,-0.85,9.7,-0.09,0.42,-0.11,1771658358.84002
-2.01,-1.03,9.52,-0.08,0.43,-0.09,1771658358.8528252
-2.58,-0.95,10.07,-0.09,0.74,-0.1,1771658358.8658078
-2.58,-0.95,10.07,-0.14,0.84,-0.14,1771658358.878906
-2.23,-0.9,10.15,-0.15,0.88,-0.15,1771658358.892066
-2.15,-1.03,9.59,-0.14,0.87,-0.23,1771658358.9049091
-2.18,-1.12,9.3,-0.15,0.89,-0.27,1771658358.9179509
-2.18,-1.12,9.3,-0.14,0.83,-0.28,1771658358.9308429
-2.42,-1.67,9.66,-0.22,0.7,-0.18,1771658358.944004
-3.04,-1.34,9.25,-0.21,0.68,-0.14,1771658358.956853
-3.04,-1.34,9.25,-0.16,0.74,-0.13,1771658358.970072
-3.56,-1.06,9.73,-0.2,1.21,-0.33,1771658358.982922
-3.45,-1.39,9.44,-0.28,1.34,-0.41,1771658358.9958909
-3.45,-1.39,9.44,-0.31,1.33,-0.4,1771658359.0090759
-2.64,-1.6,8.9,-0.25,1.03,-0.24,1771658359.022062
-2.75,-1.75,9.15,-0.22,0.88,-0.14,1771658359.0351
-3.39,-1.46,9.44,-0.19,0.78,-0.05,1771658359.047947
-3.39,-1.46,9.44,-0.13,0.67,-0.01,1771658359.060957
-3.12,-1.26,9.56,-0.11,0.54,-0.02,1771658359.074028
-3.28,-1.36,8.9,-0.09,0.39,-0.01,1771658359.087091
-3.28,-1.36,8.9,-0.0,-0.01,-0.0,1771658359.099963
-3.24,-1.33,8.14,0.04,-0.28,0.02,1771658359.113024
-3.08,-1.55,7.48,0.11,-0.62,0.08,1771658359.1258938
-2.95,-1.27,7.28,0.28,-1.32,0.12,1771658359.139125
-2.95,-1.27,7.28,0.35,-1.65,0.09,1771658359.1519518
-2.21,-1.32,7.41,0.43,-2.03,0.09,1771658359.164962
-0.74,-1.21,8.0,0.54,-2.72,-0.06,1771658359.177907
-0.74,-1.21,8.0,0.55,-3.22,-0.05,1771658359.191108
-0.21,-1.93,8.51,0.55,-3.78,0.02,1771658359.20402
-1.31,-2.01,9.77,0.62,-3.93,0.3,1771658359.2170482
-1.31,-2.01,9.77,0.65,-3.49,0.39,1771658359.229883
-1.71,-1.12,13.13,0.43,-2.95,0.4,1771658359.242935
-1.77,-0.93,12.37,0.18,-1.97,0.26,1771658359.255957
-1.14,-1.1,12.22,0.13,-1.51,0.2,1771658359.268882
-1.14,-1.1,12.22,0.09,-1.02,0.19,1771658359.2819462
-0.14,-1.36,11.92,-0.12,0.27,0.19,1771658359.294935
-1.46,-1.17,11.59,-0.28,0.84,0.08,1771658359.3080409
-1.46,-1.17,11.59,-0.48,1.45,-0.19,1771658359.320992
-1.3,-0.68,11.02,-0.44,1.59,-0.2,1771658359.334052
-1.84,-0.68,10.38,-0.35,1.75,-0.21,1771658359.347054
-1.84,-0.68,10.38,-0.32,1.92,-0.32,1771658359.3600042
-1.15,-0.96,9.92,-0.29,1.82,-0.27,1771658359.372976
-1.21,-1.15,9.09,-0.28,1.62,-0.26,1771658359.385911
-1.53,-1.51,8.6,-0.1,1.17,-0.21,1771658359.398976
-1.53,-1.51,8.6,-0.07,1.11,-0.18,1771658359.411967
-1.97,-1.31,9.36,-0.09,1.2,-0.2,1771658359.425154
-1.84,-1.61,9.24,-0.16,1.26,-0.18,1771658359.4381409
-1.84,-1.61,9.24,-0.17,1.13,-0.09,1771658359.450967
-1.5,-1.75,8.57,-0.14,1.01,0.03,1771658359.463972
-1.59,-1.51,9.05,-0.1,0.85,0.12,1771658359.47699
-1.42,-1.54,9.3,-0.12,0.69,0.12,1771658359.490141
-1.42,-1.54,9.3,-0.13,0.48,0.14,1771658359.503039
-1.74,-1.6,9.58,-0.14,0.08,0.2,1771658359.516035
-2.32,-1.35,10.04,-0.19,0.05,0.18,1771658359.529005
-2.32,-1.35,10.04,-0.19,0.03,0.16,1771658359.541996
-2.32,-1.26,9.96,-0.09,-0.04,0.15,1771658359.554979
-2.92,-1.16,9.74,-0.02,0.21,0.06,1771658359.567968
-2.92,-1.16,9.74,-0.04,0.61,-0.06,1771658359.58098
-2.11,-1.44,9.74,-0.24,0.64,-0.08,1771658359.593964
-2.34,-1.49,8.88,-0.21,0.37,-0.1,1771658359.60715
-2.74,-1.71,9.18,-0.08,0.1,-0.09,1771658359.620102
-2.74,-1.71,9.18,0.04,0.24,-0.07,1771658359.6330109
-3.42,-1.92,10.18,-0.04,0.51,-0.08,1771658359.646095
-3.32,-1.88,9.77,-0.17,0.64,-0.06,1771658359.659133
-3.32,-1.88,9.77,-0.15,0.68,-0.09,1771658359.672205
-2.7,-1.56,8.83,-0.09,0.53,-0.07,1771658359.688739
-2.35,-1.77,8.78,-0.09,0.29,-0.04,1771658359.6993809
-2.35,-1.77,8.78,-0.02,-0.21,0.01,1771658359.710825
-2.88,-1.64,8.64,0.04,-0.32,0.0,1771658359.723874
-2.9,-1.8,9.58,0.06,-0.37,0.01,1771658359.736762
-2.9,-1.72,9.53,0.05,-0.57,0.08,1771658359.749915
-2.9,-1.72,9.53,0.09,-0.65,0.11,1771658359.762759
-2.61,-1.64,9.46,0.13,-0.75,0.12,1771658359.775845
-2.09,-1.53,9.28,0.18,-1.02,0.13,1771658359.78882
-2.09,-1.53,9.28,0.22,-1.16,0.08,1771658359.801909
-1.26,-1.17,8.73,0.37,-1.88,-0.06,1771658359.814804
-0.88,-1.24,8.27,0.49,-2.3,-0.12,1771658359.8278358
-0.88,-1.24,8.27,0.59,-2.63,-0.16,1771658359.8408298
-0.8,-1.8,8.51,0.67,-3.03,0.07,1771658359.853912
-2.06,-1.78,10.1,0.63,-2.81,0.21,1771658359.867049
-1.95,-1.31,11.67,0.53,-2.38,0.28,1771658359.880028
-1.95,-1.31,11.67,0.28,-1.43,0.29,1771658359.893028
-1.19,-1.14,11.24,0.19,-1.09,0.27,1771658359.9060748
-0.18,-1.38,10.33,0.13,-0.89,0.25,1771658359.91906
-0.18,-1.38,10.33,0.11,-0.68,0.19,1771658359.932192
-0.79,-1.33,10.37,0.11,-0.54,0.13,1771658359.945077
-0.8,-1.11,10.85,0.06,-0.28,0.09,1771658359.958078
-2.12,-1.39,11.49,-0.07,0.79,0.09,1771658359.9712262
-2.12,-1.39,11.49,-0.23,1.6,0.06,1771658359.9841
-2.01,-1.04,11.43,-0.32,2.28,0.03,1771658359.997157
-1.04,-1.06,10.99,-0.33,2.99,-0.1,1771658360.0100758
-1.04,-1.06,10.99,-0.34,2.82,-0.13,1771658360.023229
-0.73,-1.13,9.83,-0.29,2.47,-0.16,1771658360.036086
-1.03,-1.18,9.2,-0.14,1.93,-0.27,1771658360.049079
-1.03,-1.18,9.2,-0.09,1.7,-0.3,1771658360.062027
-1.88,-1.46,9.44,-0.08,1.47,-0.29,1771658360.075098
-1.97,-1.84,9.47,-0.1,1.32,-0.15,1771658360.088126
-1.85,-1.55,9.83,-0.14,1.33,-0.08,1771658360.101286
-1.85,-1.55,9.83,-0.21,1.25,0.0,1771658360.1141179
-0.73,-1.26,8.72,-0.19,0.57,0.27,1771658360.1270661
-0.97,-1.18,8.31,-0.06,0.05,0.36,1771658360.140082
-0.97,-1.18,8.31,-0.03,-0.48,0.37,1771658360.153116
-1.51,-1.33,8.83,-0.18,-1.44,0.24,1771658360.16609
-2.06,-1.34,8.54,-0.2,-1.89,0.1,1771658360.1790159
-2.06,-1.34,8.54,-0.12,-2.34,-0.0,1771658360.1920938
-1.5,-1.62,7.83,0.16,-2.92,0.0,1771658360.205088
-2.11,-1.71,10.16,0.16,-2.86,0.05,1771658360.218158
-2.15,-1.81,11.7,0.18,-2.61,0.12,1771658360.2311192
-2.15,-1.81,11.7,-0.01,-1.69,0.21,1771658360.244152
-1.88,-1.16,11.21,-0.03,-0.95,0.21,1771658360.257246
-1.43,-1.16,10.64,-0.02,0.6,0.13,1771658360.270197
-1.43,-1.16,10.64,-0.04,1.14,0.07,1771658360.283162
-1.26,-1.42,10.52,-0.09,1.52,0.03,1771658360.2961438
-1.94,-1.48,10.54,-0.15,1.81,-0.08,1771658360.3091881
-1.58,-1.43,10.42,-0.16,1.84,-0.12,1771658360.3222442
-1.58,-1.43,10.42,-0.12,1.81,-0.13,1771658360.335192
-1.56,-1.59,9.89,0.03,1.69,-0.16,1771658360.348118
-1.75,-1.48,9.49,0.07,1.58,-0.14,1771658360.3610911
-1.75,-1.48,9.49,0.1,1.44,-0.15,1771658360.3741
-2.08,-1.87,9.62,-0.03,1.19,-0.02,1771658360.387147
-2.21,-1.7,9.63,-0.07,1.19,0.07,1771658360.4001951
-2.21,-1.7,9.63,-0.08,1.13,0.18,1771658360.413132
-1.83,-1.56,9.52,-0.06,0.7,0.3,1771658360.4260821
-2.16,-1.39,8.49,0.0,0.33,0.3,1771658360.439177
-2.08,-1.7,7.69,0.04,-0.15,0.2,1771658360.45227
-2.08,-1.7,7.69,0.03,-1.28,0.09,1771658360.465125
-1.32,-1.71,7.71,0.02,-1.84,0.07,1771658360.478196
-1.3,-1.36,8.44,-0.02,-2.29,0.03,1771658360.491304
-1.3,-1.36,8.44,-0.02,-2.88,-0.07,1771658360.5042439
-1.04,-1.26,9.11,0.05,-3.01,-0.13,1771658360.517223
-0.93,-1.5,8.98,0.2,-3.14,-0.16,1771658360.5301561
-0.93,-1.5,8.98,0.34,-3.06,-0.17,1771658360.543139
-0.67,-1.99,10.34,0.35,-2.83,-0.1,1771658360.556343
-0.98,-1.52,11.78,0.3,-2.37,-0.03,1771658360.5692632
-0.66,-1.1,11.65,0.11,-1.04,0.03,1771658360.582165
-0.66,-1.1,11.65,0.08,-0.08,0.08,1771658360.595179
-0.32,-1.04,11.09,0.07,0.77,0.13,1771658360.6083462
-0.76,-1.5,10.79,-0.12,1.74,0.19,1771658360.6211488
-0.76,-1.5,10.79,-0.08,1.82,0.12,1771658360.634343
-1.05,-1.33,10.71,-0.06,1.73,0.02,1771658360.6470988
-0.98,-1.38,10.49,0.01,1.61,-0.09,1771658360.6601799
-1.37,-1.26,10.15,0.01,1.7,-0.16,1771658360.673352
-1.37,-1.26,10.15,-0.03,1.81,-0.24,1771658360.686174
-0.72,-1.61,9.17,-0.13,1.8,-0.25,1771658360.699185
-1.17,-1.54,9.6,-0.07,1.62,-0.21,1771658360.712162
-1.17,-1.54,9.6,-0.08,1.47,-0.18,1771658360.725217
-1.12,-1.64,9.62,-0.11,0.97,-0.06,1771658360.738254
-0.99,-1.53,8.93,-0.16,0.72,-0.03,1771658360.7512581
-0.99,-1.53,8.93,-0.04,0.19,0.09,1771658360.764197
-1.14,-1.65,8.65,-0.02,-0.04,0.13,1771658360.777269
-1.14,-1.77,9.15,-0.05,-0.27,0.17,1771658360.790348
-1.27,-1.59,9.13,-0.14,-0.94,0.29,1771658360.8032398
-1.27,-1.59,9.13,-0.19,-1.35,0.33,1771658360.816231
-1.18,-1.64,8.55,-0.14,-1.67,0.35,1771658360.829189
-1.1,-1.3,8.98,0.18,-1.94,0.31,1771658360.842368
-1.1,-1.3,8.98,0.29,-1.93,0.25,1771658360.8553338
-1.25,-1.24,10.34,0.38,-1.87,0.2,1771658360.868242
-0.92,-1.58,10.46,0.28,-1.57,0.17,1771658360.88121
-0.92,-1.58,10.46,0.23,-1.35,0.2,1771658360.894249
-1.47,-1.24,11.08,0.15,-1.01,0.14,1771658360.907382
-0.93,-1.09,10.84,0.08,-0.37,0.02,1771658360.9202838
-0.88,-1.04,10.48,0.1,0.0,-0.04,1771658360.933275
-0.88,-1.04,10.48,0.1,0.38,-0.07,1771658360.9462059
-1.04,-1.19,10.24,0.06,1.41,-0.13,1771658360.959211
-1.43,-1.39,10.98,-0.11,1.64,-0.16,1771658360.972204
-1.43,-1.39,10.98,-0.2,1.74,-0.25,1771658360.985503
-1.13,-1.17,10.08,-0.12,1.93,-0.34,1771658360.998215
-0.91,-1.6,9.26,-0.12,1.85,-0.37,1771658361.011446
-0.91,-1.6,9.26,-0.02,1.66,-0.34,1771658361.024263
-0.8,-1.9,9.4,-0.01,1.19,-0.19,1771658361.037287
-1.15,-1.73,9.41,-0.02,0.96,-0.12,1771658361.050377
-0.93,-1.55,9.68,-0.09,0.75,-0.06,1771658361.063147
-0.93,-1.55,9.68,-0.09,0.29,0.09,1771658361.0762749
-0.76,-1.33,9.94,-0.07,-0.02,0.16,1771658361.089448
-1.08,-1.53,8.95,-0.02,-0.33,0.23,1771658361.102412
-1.08,-1.53,8.95,-0.0,-1.05,0.33,1771658361.115197
-2.04,-1.87,8.66,-0.01,-1.32,0.29,1771658361.1282501
-1.35,-1.75,9.39,-0.02,-1.58,0.27,1771658361.141237
-1.46,-1.3,9.06,0.02,-2.01,0.29,1771658361.155251
-1.46,-1.3,9.06,0.16,-2.03,0.21,1771658361.167165
-1.35,-1.17,10.68,0.23,-1.91,0.13,1771658361.180137
-1.32,-1.06,11.58,0.16,-1.51,0.01,1771658361.192971
-1.32,-1.06,11.58,0.1,-1.33,-0.0,1771658361.205995
-1.09,-1.39,10.53,0.19,-0.44,-0.01,1771658361.219148
-2.06,-0.88,10.28,0.23,0.64,-0.07,1771658361.23201
-2.06,-0.88,10.28,0.09,1.56,-0.12,1771658361.245045
-1.39,-1.47,11.48,-0.39,2.17,-0.21,1771658361.2580822
-0.83,-1.28,10.29,-0.46,2.23,-0.28,1771658361.271135
-0.48,-1.68,9.17,-0.4,2.12,-0.34,1771658361.2840881
-0.48,-1.68,9.17,-0.23,1.75,-0.28,1771658361.297141
-1.23,-1.94,10.32,-0.34,1.64,-0.24,1771658361.310092
-1.32,-2.05,9.2,-0.39,1.53,-0.21,1771658361.323143
-1.32,-2.05,9.2,-0.26,1.31,-0.09,1771658361.336191
-1.89,-1.8,8.84,-0.18,1.1,-0.06,1771658361.3493881
-1.5,-1.7,8.47,-0.08,0.86,-0.01,1771658361.3622131
-1.5,-1.7,8.47,0.12,0.24,0.1,1771658361.375272
-1.53,-1.32,8.85,0.21,-0.16,0.12,1771658361.388237
-2.26,-1.17,8.4,0.32,-0.47,0.1,1771658361.401278
-1.93,-1.61,8.39,0.53,-0.91,0.07,1771658361.414273
-1.93,-1.61,8.39,0.53,-1.03,0.07,1771658361.427278
-1.65,-1.47,9.62,0.47,-1.17,0.08,1771658361.440279
-1.23,-1.39,9.16,0.46,-1.59,0.05,1771658361.4532979
-1.23,-1.39,9.16,0.53,-1.76,0.04,1771658361.466302
-0.87,-1.35,9.4,0.6,-1.96,0.01,1771658361.4793038
-0.7,-1.6,10.43,0.64,-2.31,0.0,1771658361.492349
-1.57,-1.01,11.31,0.64,-2.37,0.05,1771658361.505237
-1.57,-1.01,11.31,0.57,-2.17,0.01,1771658361.518395
-0.63,-1.09,12.53,0.2,-1.38,0.01,1771658361.5313249
-0.0,-0.92,11.44,-0.02,-1.05,0.01,1771658361.5444
-0.0,-0.92,11.44,-0.14,-0.87,0.02,1771658361.557503
0.37,-0.56,9.27,0.02,-0.39,0.01,1771658361.570495
-0.03,-0.6,9.11,0.1,0.02,0.04,1771658361.583354
-0.03,-0.6,9.11,0.09,0.41,0.03,1771658361.5963461
-0.68,-1.12,10.38,-0.16,0.85,0.01,1771658361.609348
-0.91,-1.0,10.26,-0.2,1.2,-0.0,1771658361.622535
-0.98,-0.95,10.79,-0.2,1.54,-0.01,1771658361.63535
-0.98,-0.95,10.79,-0.4,1.98,-0.1,1771658361.64854
-0.75,-1.28,10.46,-0.5,2.18,-0.16,1771658361.6613219
-0.6,-1.57,9.92,-0.56,2.17,-0.19,1771658361.674485
-0.6,-1.57,9.92,-0.55,1.78,-0.15,1771658361.687499
-0.98,-1.52,9.07,-0.42,1.5,-0.12,1771658361.700426
-0.86,-1.44,8.57,-0.08,0.81,-0.04,1771658361.713349
-0.86,-1.44,8.57,-0.0,0.58,-0.03,1771658361.726364
-1.13,-1.41,9.63,-0.0,0.38,-0.03,1771658361.739548
-1.53,-1.44,9.66,-0.04,0.15,0.01,1771658361.7523
-2.04,-1.36,9.68,-0.05,0.1,0.02,1771658361.765323
-2.04,-1.36,9.68,-0.05,0.08,0.04,1771658361.7783139
-1.74,-1.48,9.68,-0.12,-0.11,0.03,1771658361.7913651
-0.78,-1.63,9.51,-0.21,-0.35,0.05,1771658361.804522
-0.78,-1.63,9.51,-0.25,-0.74,0.09,1771658361.817354
-1.56,-0.96,7.81,0.3,-1.76,0.11,1771658361.830365
-0.76,-1.48,8.1,0.59,-2.1,0.13,1771658361.84334
-0.76,-1.48,8.1,0.72,-2.26,0.15,1771658361.856297
-1.14,-1.32,10.53,0.55,-2.15,0.12,1771658361.869358
-0.84,-1.24,10.18,0.46,-2.05,0.12,1771658361.882377
-0.09,-1.23,10.07,0.39,-1.8,0.08,1771658361.895359
-0.09,-1.23,10.07,0.34,-1.31,0.08,1771658361.908552
-0.43,-1.05,11.01,0.27,-1.05,0.06,1771658361.9214249
-0.44,-0.83,10.99,0.16,-0.65,0.03,1771658361.9343731
-0.44,-0.83,10.99,0.02,0.31,0.05,1771658361.947423
-0.91,-0.91,10.48,-0.03,0.72,-0.02,1771658361.960415
-0.73,-0.78,10.79,-0.12,1.21,-0.07,1771658361.973566
-0.82,-1.1,10.87,-0.33,1.91,-0.16,1771658361.986409
-0.82,-1.1,10.87,-0.45,1.95,-0.22,1771658361.9993842
-0.61,-1.18,11.12,-0.49,1.95,-0.26,1771658362.0123909
-0.55,-1.47,9.98,-0.5,1.81,-0.23,1771658362.0255911
-0.55,-1.47,9.98,-0.47,1.68,-0.2,1771658362.0383492
-1.67,-1.49,9.82,-0.47,1.57,-0.22,1771658362.0528471
-1.12,-1.59,9.58,-0.46,1.21,-0.29,1771658362.064184
-1.12,-1.59,9.58,-0.4,0.98,-0.25,1771658362.077205
-1.22,-1.51,7.92,-0.24,0.78,-0.24,1771658362.090225
-1.09,-1.19,9.14,-0.05,0.32,-0.13,1771658362.103245
-1.58,-1.39,8.73,-0.03,0.07,-0.04,1771658362.116193
-1.58,-1.39,8.73,0.04,-0.14,0.01,1771658362.129233
-1.23,-1.56,8.79,0.15,-0.43,0.14,1771658362.14221
-1.03,-1.57,8.84,0.17,-0.63,0.18,1771658362.155251
-1.03,-1.57,8.84,0.33,-1.16,0.26,1771658362.168403
-0.89,-1.46,9.05,0.4,-1.42,0.26,1771658362.1813672
-0.05,-1.6,9.34,0.43,-1.64,0.25,1771658362.194317
-0.05,-1.6,9.34,0.58,-1.77,0.25,1771658362.207356
-0.89,-0.98,10.17,0.57,-1.77,0.21,1771658362.220382
-1.36,-1.32,10.37,0.51,-1.76,0.21,1771658362.2334778
-1.03,-1.11,11.05,0.45,-1.29,0.2,1771658362.246422
-1.03,-1.11,11.05,0.36,-0.48,0.12,1771658362.259472
-1.36,-0.95,11.94,0.17,0.31,0.09,1771658362.272498
-1.64,-0.95,10.93,-0.26,1.82,0.0,1771658362.285407
-1.64,-0.95,10.93,-0.37,2.29,-0.08,1771658362.298483
-1.81,-1.3,10.29,-0.46,2.31,-0.16,1771658362.311436
-0.54,-1.5,9.48,-0.33,1.8,-0.07,1771658362.324461
-1.27,-1.38,9.27,-0.15,1.54,-0.01,1771658362.337628
-1.27,-1.38,9.27,0.04,1.4,-0.01,1771658362.3505359
-1.87,-1.56,10.74,0.06,1.4,-0.08,1771658362.363476
-1.92,-1.5,10.61,-0.07,1.34,-0.07,1771658362.376456
-1.92,-1.5,10.61,-0.17,1.27,-0.04,1771658362.389534
-1.98,-1.21,9.7,-0.18,1.11,-0.04,1771658362.4026492
-1.62,-1.19,8.89,-0.14,0.88,-0.02,1771658362.4154508
-1.62,-1.19,8.89,-0.12,0.63,-0.01,1771658362.428576
-1.73,-1.29,8.59,-0.03,-0.01,0.05,1771658362.4414551
-2.11,-1.26,8.26,0.05,-0.29,0.03,1771658362.4545019
-1.89,-1.3,8.98,0.11,-0.59,0.0,1771658362.473587
-1.89,-1.3,8.98,0.08,-1.09,0.01,1771658362.4816241
-1.9,-1.28,8.59,0.11,-1.43,0.06,1771658362.493267
-1.43,-1.2,8.44,0.22,-1.78,0.1,1771658362.506232
-1.43,-1.2,8.44,0.54,-2.25,0.19,1771658362.519218
-0.52,-1.17,9.62,0.58,-2.43,0.24,1771658362.5322938
-0.45,-1.22,10.46,0.62,-2.49,0.25,1771658362.545275
-0.45,-1.22,10.46,0.54,-2.28,0.22,1771658362.55823
-0.87,-0.8,11.0,0.45,-2.07,0.2,1771658362.571338
-1.42,-0.54,10.64,0.37,-1.96,0.17,1771658362.584342
0.06,-0.9,10.53,0.26,-1.72,0.09,1771658362.5973382
0.06,-0.9,10.53,0.21,-1.56,0.1,1771658362.610276
0.14,-0.63,10.37,0.2,-1.44,0.07,1771658362.6232991
0.22,-0.64,10.5,0.2,-1.04,0.03,1771658362.63628
0.22,-0.64,10.5,0.17,-0.49,-0.04,1771658362.649315
-1.12,-0.52,10.96,-0.11,0.77,-0.29,1771658362.662288
-0.26,-0.88,11.34,-0.33,1.12,-0.31,1771658362.6753752
-0.26,-0.88,11.34,-0.46,1.46,-0.35,1771658362.6884701
-0.92,-0.7,10.94,-0.41,2.03,-0.47,1771658362.7015119
-0.11,-1.21,10.39,-0.4,2.08,-0.43,1771658362.714709
0.21,-1.63,10.58,-0.43,2.13,-0.36,1771658362.7275252
0.21,-1.63,10.58,-0.53,2.26,-0.23,1771658362.74048
-0.39,-1.37,9.9,-0.56,2.12,-0.19,1771658362.7534678
-0.48,-1.35,9.5,-0.53,1.92,-0.16,1771658362.766581
-0.48,-1.35,9.5,-0.35,1.45,-0.03,1771658362.779485
-0.64,-1.31,9.24,-0.27,1.22,0.02,1771658362.792555
-0.81,-1.17,9.04,-0.22,0.99,0.05,1771658362.805546
-1.43,-1.03,8.29,-0.11,0.44,0.13,1771658362.8185248
-1.43,-1.03,8.29,-0.01,0.1,0.13,1771658362.8315609
-1.7,-1.19,8.15,0.08,-0.19,0.11,1771658362.844506
-1.72,-1.27,8.79,0.29,-0.76,0.19,1771658362.857434
-1.72,-1.27,8.79,0.31,-1.03,0.18,1771658362.870474
-1.13,-1.36,9.44,0.31,-1.3,0.2,1771658362.883487
-1.01,-1.14,9.2,0.37,-1.69,0.23,1771658362.896496
-1.01,-1.14,9.2,0.42,-1.8,0.22,1771658362.9095502
-1.08,-1.06,9.57,0.48,-1.8,0.19,1771658362.922465
-0.95,-1.02,10.3,0.46,-1.68,0.13,1771658362.935605
-1.27,-0.96,10.71,0.4,-1.51,0.03,1771658362.948502
-1.27,-0.96,10.71,0.33,-1.38,-0.08,1771658362.9614851
-0.24,-0.9,10.67,0.25,-1.02,-0.12,1771658362.974517
-0.06,-0.86,10.63,0.19,-0.63,-0.1,1771658362.987679
-0.06,-0.86,10.63,0.11,-0.24,-0.1,1771658363.000598
-0.26,-0.65,10.67,-0.09,0.33,-0.1,1771658363.01359
-0.02,-0.78,10.46,-0.14,0.54,-0.1,1771658363.026596
-0.02,-0.78,10.46,-0.19,0.72,-0.07,1771658363.039712
0.34,-1.06,10.59,-0.29,0.95,0.04,1771658363.052573
0.05,-1.25,10.44,-0.31,1.13,0.09,1771658363.065473
-1.25,-1.26,10.17,-0.3,1.42,0.1,1771658363.0785248
-1.25,-1.26,10.17,-0.33,2.22,-0.02,1771658363.0916648
-1.8,-1.23,10.22,-0.42,2.27,-0.1,1771658363.104754
-1.07,-1.24,9.44,-0.47,1.98,-0.09,1771658363.11765
-1.07,-1.24,9.44,-0.41,1.7,-0.08,1771658363.130527
-1.42,-1.14,9.34,-0.35,1.4,-0.1,1771658363.143519
-1.06,-1.28,9.7,-0.26,0.81,-0.1,1771658363.15661
-1.88,-1.17,9.43,-0.22,0.57,-0.09,1771658363.169538
-1.88,-1.17,9.43,-0.18,0.36,-0.07,1771658363.182584
-2.26,-1.44,8.87,0.02,0.12,-0.01,1771658363.195574
-1.96,-1.24,9.36,0.07,-0.01,0.01,1771658363.208817
-1.96,-1.24,9.36,0.04,-0.1,0.03,1771658363.221743
-1.49,-1.37,9.12,0.06,-0.54,0.13,1771658363.234557
-1.39,-1.47,8.78,0.16,-0.93,0.16,1771658363.247576
-1.39,-1.47,8.78,0.26,-1.3,0.19,1771658363.26052
-0.75,-1.17,9.24,0.39,-1.98,0.22,1771658363.2737641
-1.13,-1.19,9.28,0.45,-2.21,0.19,1771658363.286761
-1.22,-0.98,9.71,0.51,-2.34,0.19,1771658363.29984
-1.22,-0.98,9.71,0.62,-2.48,0.18,1771658363.312609
-0.37,-1.29,10.51,0.57,-2.3,0.15,1771658363.3257349
0.2,-0.79,11.0,0.47,-2.15,0.23,1771658363.338749
0.2,-0.79,11.0,0.13,-1.58,0.16,1771658363.351618
-0.57,-0.85,10.59,0.04,-1.16,0.06,1771658363.3646111
-0.46,-0.77,9.94,0.04,-0.74,0.06,1771658363.3775191
-0.46,-0.77,9.94,0.06,-0.1,-0.06,1771658363.390812
-0.27,-1.03,10.65,0.02,0.09,-0.08,1771658363.403732
-0.43,-0.9,10.85,0.01,0.37,-0.12,1771658363.41671
-0.64,-0.91,11.1,-0.05,1.07,-0.24,1771658363.4296188
-0.64,-0.91,11.1,-0.18,1.48,-0.32,1771658363.442587
-0.4,-1.09,10.92,-0.32,1.9,-0.42,1771658363.455777
-0.99,-1.36,10.37,-0.49,2.08,-0.59,1771658363.468631
-0.99,-1.36,10.37,-0.5,2.1,-0.64,1771658363.481596
-0.49,-1.11,10.46,-0.5,2.3,-0.64,1771658363.494658
-1.15,-1.49,10.11,-0.53,2.6,-0.68,1771658363.507616
-1.26,-1.31,9.29,-0.54,2.51,-0.65,1771658363.520799
-1.26,-1.31,9.29,-0.54,2.14,-0.56,1771658363.533708
-1.43,-1.16,9.03,-0.44,1.18,-0.39,1771658363.5465999
-0.57,-1.42,8.89,-0.3,0.92,-0.34,1771658363.559844
-0.57,-1.42,8.89,-0.19,0.66,-0.22,1771658363.572764
-1.6,-1.5,8.57,-0.06,0.18,-0.04,1771658363.585693
-1.25,-1.56,8.49,0.01,0.02,0.02,1771658363.598646
-1.25,-1.56,8.49,0.1,-0.35,0.13,1771658363.611598
-2.03,-1.53,9.01,0.13,-0.63,0.1,1771658363.6248052
-1.4,-1.5,9.2,0.18,-0.93,0.14,1771658363.6378071
-1.47,-1.5,9.07,0.36,-1.52,0.19,1771658363.650638
-1.47,-1.5,9.07,0.43,-1.76,0.21,1771658363.663748
-0.93,-1.36,9.4,0.48,-1.91,0.24,1771658363.676691
-0.6,-1.14,9.47,0.53,-2.19,0.28,1771658363.689971
-0.6,-1.14,9.47,0.54,-2.33,0.28,1771658363.702668
-0.11,-1.25,9.92,0.56,-2.33,0.28,1771658363.715606
-0.08,-0.98,10.93,0.43,-2.27,0.28,1771658363.7287
-0.08,-0.98,10.93,0.38,-2.11,0.23,1771658363.74179
-0.04,-0.88,10.7,0.37,-1.88,0.18,1771658363.754804
0.23,-0.94,10.59,0.26,-1.51,0.15,1771658363.767759
-0.54,-0.87,10.48,0.24,-1.07,0.14,1771658363.780736
-0.54,-0.87,10.48,0.18,-0.43,0.06,1771658363.793708
-0.6,-0.89,10.92,-0.2,0.64,-0.04,1771658363.806863
-0.21,-0.95,10.33,-0.31,0.81,-0.09,1771658363.819767
-0.21,-0.95,10.33,-0.29,0.89,-0.11,1771658363.83266
-1.07,-1.02,10.07,-0.21,1.24,-0.37,1771658363.845682
-0.55,-1.1,11.18,-0.31,1.37,-0.47,1771658363.858635
-0.55,-1.1,11.18,-0.38,1.47,-0.51,1771658363.871774
0.07,-1.42,10.7,-0.4,1.53,-0.46,1771658363.8846872
0.33,-1.55,10.28,-0.4,1.58,-0.38,1771658363.897763
-0.12,-1.36,9.87,-0.46,1.56,-0.32,1771658363.9106061
-0.12,-1.36,9.87,-0.51,1.53,-0.29,1771658363.9238982
-0.14,-1.38,9.67,-0.49,1.51,-0.27,1771658363.9367008
-0.13,-1.42,9.59,-0.44,1.49,-0.25,1771658363.949894
-0.13,-1.42,9.59,-0.33,1.58,-0.09,1771658363.96271
1.22,-1.83,9.45,-0.34,1.45,0.12,1771658363.975884
-0.12,-1.45,8.18,-0.33,1.2,0.35,1771658363.988867
-2.57,-0.8,7.68,-0.21,0.17,0.41,1771658364.0016599
-2.57,-0.8,7.68,-0.06,-0.29,0.28,1771658364.014931
-1.92,-1.51,8.23,0.09,-0.61,0.2,1771658364.02769
-2.2,-1.48,9.88,0.27,-0.83,0.19,1771658364.040888
-2.2,-1.48,9.88,0.26,-0.91,0.18,1771658364.053762
-2.75,-1.41,9.6,0.41,-1.27,0.23,1771658364.0667908
-0.57,-1.76,9.48,0.51,-1.3,0.28,1771658364.0797062
-0.57,-1.76,9.48,0.52,-1.45,0.4,1771658364.0927
-0.14,-1.67,9.22,0.51,-1.83,0.5,1771658364.105898
0.63,-1.35,9.5,0.54,-2.0,0.59,1771658364.118746
-0.26,-1.35,10.22,0.53,-2.27,0.72,1771658364.131706
-0.26,-1.35,10.22,0.45,-2.61,0.64,1771658364.144726
0.04,-1.04,11.9,0.34,-2.46,0.53,1771658364.1576781
0.37,-0.97,11.54,0.28,-2.3,0.45,1771658364.1708732
0.37,-0.97,11.54,0.08,-1.91,0.41,1771658364.183914
0.74,-0.79,10.72,0.07,-1.42,0.36,1771658364.196892
-0.48,-1.02,10.06,0.04,-0.71,0.28,1771658364.209744
-0.48,-1.02,10.06,-0.13,0.79,0.07,1771658364.22309
-0.55,-0.61,10.97,-0.27,1.24,-0.08,1771658364.235738
-0.22,-0.89,10.44,-0.32,1.41,-0.23,1771658364.248826
-0.23,-1.0,10.35,-0.14,1.49,-0.36,1771658364.261743
-0.23,-1.0,10.35,-0.08,1.63,-0.43,1771658364.2749052
-0.57,-1.25,10.56,-0.1,1.84,-0.53,1771658364.287939
1.13,-2.27,9.7,-0.25,1.97,-0.4,1771658364.300771
1.13,-2.27,9.7,-0.29,1.91,-0.27,1771658364.3137221
0.25,-1.15,9.7,-0.32,1.82,-0.26,1771658364.3267782
-0.07,-1.31,9.85,-0.3,1.66,-0.36,1771658364.339872
-0.58,-1.47,9.84,-0.26,1.57,-0.35,1771658364.3527648
-0.58,-1.47,9.84,-0.25,1.52,-0.36,1771658364.365706
-1.77,-1.23,10.01,-0.35,1.17,-0.39,1771658364.378765
-1.0,-1.41,9.64,-0.36,1.0,-0.43,1771658364.392045
-1.0,-1.41,9.64,-0.34,0.87,-0.4,1771658364.405021
-0.42,-1.55,9.19,-0.22,0.4,-0.26,1771658364.4179468
-1.38,-1.3,9.19,-0.14,0.15,-0.25,1771658364.430743
-1.38,-1.3,9.19,-0.07,-0.06,-0.23,1771658364.4441128
-0.71,-1.64,9.23,-0.02,-0.55,-0.09,1771658364.4567528
-0.44,-1.9,8.98,-0.02,-0.9,-0.04,1771658364.4698
-0.16,-1.74,9.02,0.01,-1.25,0.01,1771658364.4827352
-0.16,-1.74,9.02,0.12,-1.66,0.08,1771658364.495779
0.06,-1.83,9.41,0.12,-1.78,0.11,1771658364.5087528
-0.55,-0.98,9.61,0.1,-1.88,0.13,1771658364.521775
-0.55,-0.98,9.61,0.2,-2.03,0.08,1771658364.534836
0.8,-1.24,9.53,0.29,-1.87,0.08,1771658364.547859
0.66,-1.26,9.66,0.3,-1.67,0.11,1771658364.560798
0.66,-1.26,9.66,0.23,-1.59,0.1,1771658364.573958
0.17,-1.52,10.38,0.15,-1.46,0.08,1771658364.586925
-0.72,-1.27,10.72,0.07,-0.6,-0.03,1771658364.599998
-0.16,-1.47,11.19,-0.02,-0.29,-0.05,1771658364.612811
-0.16,-1.47,11.19,-0.1,-0.02,-0.08,1771658364.625855
0.01,-1.3,10.57,-0.08,0.42,-0.15,1771658364.638945
-0.01,-1.51,10.25,-0.03,0.67,-0.2,1771658364.651975
-0.01,-1.51,10.25,-0.05,0.97,-0.21,1771658364.6648068
-0.81,-1.65,11.2,-0.32,1.72,-0.32,1771658364.677792
-0.95,-1.68,11.39,-0.47,2.18,-0.36,1771658364.690866
-0.95,-1.68,11.39,-0.56,2.51,-0.38,1771658364.704
-0.49,-1.93,10.43,-0.49,2.64,-0.37,1771658364.7168949
-0.22,-1.9,10.16,-0.41,2.6,-0.34,1771658364.729816
-0.46,-1.98,9.87,-0.38,2.62,-0.41,1771658364.743072
-0.46,-1.98,9.87,-0.47,2.19,-0.38,1771658364.756056
-1.27,-1.79,9.68,-0.45,2.06,-0.37,1771658364.769
-1.95,-1.99,9.69,-0.42,1.99,-0.38,1771658364.782067
-1.95,-1.99,9.69,-0.48,1.56,-0.27,1771658364.794959
-1.58,-2.05,9.54,-0.45,1.26,-0.14,1771658364.807931
-0.89,-1.93,8.32,-0.33,1.01,0.0,1771658364.821002
-1.18,-1.81,7.51,0.14,0.41,0.19,1771658364.8338392
-1.18,-1.81,7.51,0.31,0.14,0.22,1771658364.8468769
-1.68,-2.45,7.86,0.34,-0.18,0.24,1771658364.8597918
-1.53,-2.15,8.32,0.22,-0.87,0.26,1771658364.8730938
-1.53,-2.15,8.32,0.23,-1.2,0.27,1771658364.885835
-1.68,-1.95,8.59,0.34,-1.55,0.27,1771658364.898767
-1.13,-1.88,8.81,0.57,-2.22,0.29,1771658364.911841
-1.13,-1.88,8.81,0.69,-2.48,0.32,1771658364.92498
-0.33,-1.82,9.39,0.77,-2.66,0.38,1771658364.937929
0.08,-1.65,9.23,0.84,-2.38,0.48,1771658364.950891
-1.16,-1.05,11.39,0.78,-2.01,0.52,1771658364.9639459
-1.16,-1.05,11.39,0.57,-1.58,0.48,1771658364.9768808
-1.71,-1.06,11.68,0.14,-0.96,0.31,1771658364.9900439
-1.22,-1.45,10.61,0.15,-0.72,0.25,1771658365.002885
-1.22,-1.45,10.61,0.28,-0.47,0.19,1771658365.0158799
-0.86,-1.15,10.27,0.35,-0.43,0.16,1771658365.028843
0.57,-1.75,10.08,0.36,-0.44,0.2,1771658365.04185
0.57,-1.75,10.08,0.32,-0.59,0.37,1771658365.05492
0.88,-1.37,9.39,0.32,-0.76,0.45,1771658365.067843
0.8,-1.25,9.5,0.34,-0.92,0.52,1771658365.080849
-0.88,-0.68,10.86,0.29,-0.98,0.35,1771658365.093853
-0.88,-0.68,10.86,0.22,-0.78,0.17,1771658365.106875
-1.26,-0.64,11.32,0.1,-0.38,0.02,1771658365.1200662
-1.54,-1.12,11.03,-0.22,0.96,-0.2,1771658365.1328561
-1.54,-1.12,11.03,-0.4,1.52,-0.32,1771658365.14593
-1.03,-0.81,11.32,-0.53,2.0,-0.45,1771658365.15907
-0.44,-1.05,10.14,-0.56,2.25,-0.6,1771658365.171896
-1.72,-1.2,10.67,-0.47,2.12,-0.62,1771658365.1848938
-1.72,-1.2,10.67,-0.43,1.98,-0.82,1771658365.1978822
-1.71,-1.11,11.53,-0.56,2.15,-1.12,1771658365.210837
-1.29,-1.97,11.18,-0.68,2.17,-1.11,1771658365.223955
-1.29,-1.97,11.18,-0.75,2.09,-0.99,1771658365.237043
-0.2,-2.23,8.53,-0.49,1.5,-0.63,1771658365.250072
0.19,-2.12,7.22,-0.28,1.02,-0.41,1771658365.262871
0.19,-2.12,7.22,-0.11,0.58,-0.25,1771658365.2759302
-0.34,-1.67,8.24,0.07,-0.18,-0.12,1771658365.289061
-0.68,-1.71,8.39,0.12,-0.55,-0.06,1771658365.3020108
-0.56,-2.06,8.12,0.22,-0.92,0.04,1771658365.314998
-0.56,-2.06,8.12,0.54,-1.73,0.37,1771658365.327895
0.72,-2.11,8.23,0.69,-2.07,0.54,1771658365.341103
1.21,-1.51,8.86,0.82,-2.39,0.68,1771658365.353972
1.21,-1.51,8.86,0.91,-3.1,0.88,1771658365.3672478
1.85,-1.5,9.15,0.93,-3.4,0.97,1771658365.3799
1.37,-0.55,10.31,0.93,-3.57,1.02,1771658365.3929238
1.37,-0.55,10.31,0.87,-3.46,1.0,1771658365.406125
0.2,-0.37,12.62,0.64,-3.3,0.95,1771658365.418976
-0.23,-0.7,12.29,0.42,-2.81,0.83,1771658365.432084
-1.56,-0.57,11.35,0.1,-1.45,0.62,1771658365.444919
-1.56,-0.57,11.35,0.02,-0.57,0.28,1771658365.4581
-0.92,-0.61,11.59,-0.08,0.27,-0.01,1771658365.471024
0.55,-0.38,11.02,-0.38,1.22,-0.33,1771658365.484283
0.55,-0.38,11.02,-0.42,1.46,-0.45,1771658365.503862
0.51,-0.41,10.36,-0.38,1.91,-0.64,1771658365.509757
1.16,-1.27,10.25,-0.36,1.98,-0.65,1771658365.522756
1.16,-1.27,10.25,-0.38,1.95,-0.61,1771658365.5358489
0.45,-1.66,10.01,-0.36,1.91,-0.51,1771658365.548728
-0.21,-1.48,9.85,-0.3,2.0,-0.52,1771658365.561693
-0.74,-1.36,10.21,-0.34,2.14,-0.6,1771658365.5747771
-0.74,-1.36,10.21,-0.5,2.34,-0.77,1771658365.587821
-0.36,-1.59,10.45,-0.59,2.32,-0.78,1771658365.600804
0.45,-1.74,9.62,-0.62,2.18,-0.71,1771658365.6137369
0.45,-1.74,9.62,-0.44,1.55,-0.39,1771658365.6268601
0.15,-2.09,8.32,-0.24,1.1,-0.22,1771658365.639893
0.11,-2.02,8.14,-0.03,0.67,-0.07,1771658365.6528609
0.82,-1.66,8.73,0.11,0.03,0.3,1771658365.6658208
0.82,-1.66,8.73,0.1,-0.2,0.43,1771658365.6789062
0.69,-1.71,8.62,0.12,-0.42,0.57,1771658365.691906
1.05,-2.26,7.07,0.4,-1.21,1.08,1771658365.704926
1.05,-2.26,7.07,0.59,-1.65,1.21,1771658365.717931
-0.67,-1.48,9.23,0.68,-1.94,1.18,1771658365.731
-1.14,-1.01,11.88,0.46,-2.01,1.01,1771658365.7439518
-1.14,-1.01,11.88,0.29,-1.87,0.86,1771658365.757029
-1.51,-0.81,11.97,0.14,-1.68,0.69,1771658365.770127
-0.85,-0.8,10.94,-0.01,-1.37,0.48,1771658365.7831528
-0.23,-1.14,9.56,-0.01,-1.28,0.41,1771658365.796005
-0.23,-1.14,9.56,0.03,-1.23,0.37,1771658365.809396
0.29,-0.79,10.75,-0.03,-1.26,0.27,1771658365.822432
-0.32,-1.01,10.12,-0.02,-1.05,0.15,1771658365.835052
-0.32,-1.01,10.12,0.03,-0.74,0.07,1771658365.848151
-1.29,-0.75,10.17,0.04,0.37,-0.22,1771658365.8609831
-1.99,-0.72,11.25,-0.07,1.08,-0.45,1771658365.8740811
-1.99,-0.72,11.25,-0.27,1.7,-0.63,1771658365.887157
-1.58,-0.84,11.68,-0.59,2.64,-0.95,1771658365.900073
0.46,-1.8,11.2,-0.72,2.71,-0.95,1771658365.91298
1.5,-2.18,9.24,-0.75,2.54,-0.79,1771658365.926005
1.5,-2.18,9.24,-0.49,1.87,-0.51,1771658365.93925
-0.36,-1.9,8.72,-0.31,1.82,-0.53,1771658365.951958
-0.85,-2.05,9.77,-0.22,2.04,-0.55,1771658365.965098
-0.85,-2.05,9.77,-0.31,1.97,-0.42,1771658365.977942
-0.68,-2.15,10.2,-0.4,1.81,-0.27,1771658365.991225
-0.7,-2.15,8.85,-0.29,1.21,0.03,1771658366.0040529
0.09,-1.78,7.65,-0.15,0.73,0.23,1771658366.017198
0.09,-1.78,7.65,-0.01,0.21,0.37,1771658366.030089
-0.19,-1.64,8.09,0.26,-0.59,0.51,1771658366.0430322
-1.55,-1.67,9.45,0.31,-0.89,0.53,1771658366.0561721
-1.55,-1.67,9.45,0.33,-1.1,0.48,1771658366.069122
-2.03,-1.62,10.53,0.26,-1.35,0.37,1771658366.0820448
-1.34,-1.64,9.77,0.29,-1.49,0.4,1771658366.0950289
-1.34,-1.64,9.77,0.34,-1.72,0.41,1771658366.108213
-0.58,-1.58,8.9,0.56,-2.29,0.42,1771658366.1211698
-0.13,-1.48,8.68,0.65,-2.49,0.38,1771658366.134091
-0.06,-1.37,10.38,0.64,-2.59,0.37,1771658366.148211
-0.06,-1.37,10.38,0.37,-2.41,0.27,1771658366.160081
-0.22,-0.98,11.25,0.2,-2.32,0.26,1771658366.173187
-0.78,-1.18,10.65,0.16,-2.22,0.21,1771658366.186074
-0.78,-1.18,10.65,0.22,-1.4,0.04,1771658366.199105
-0.78,-0.89,10.93,0.22,-0.81,-0.04,1771658366.2120461
-0.37,-1.12,11.22,0.14,-0.2,-0.13,1771658366.2250528
-0.37,-1.12,11.22,-0.25,0.81,-0.32,1771658366.238227
-0.7,-0.6,11.25,-0.42,1.33,-0.46,1771658366.251195
-0.63,-0.92,10.8,-0.52,1.6,-0.59,1771658366.264098
0.48,-1.4,10.23,-0.41,1.76,-0.57,1771658366.2771058
0.48,-1.4,10.23,-0.37,1.79,-0.52,1771658366.2902021
0.2,-1.4,9.9,-0.3,1.78,-0.5,1771658366.303252
-0.33,-1.66,10.08,-0.32,2.01,-0.54,1771658366.3161669
-0.33,-1.66,10.08,-0.39,2.23,-0.52,1771658366.32907
-0.07,-2.26,10.29,-0.47,2.26,-0.44,1771658366.342135
-0.34,-2.23,9.81,-0.56,1.92,-0.29,1771658366.355158
-0.67,-1.74,8.99,-0.46,1.75,-0.22,1771658366.368279
-0.67,-1.74,8.99,-0.33,1.53,-0.16,1771658366.381087
-1.02,-1.64,8.95,-0.15,0.91,-0.05,1771658366.394193
-1.31,-1.71,8.14,-0.07,0.66,-0.0,1771658366.407268
-1.31,-1.71,8.14,0.02,0.44,0.02,1771658366.420265
-0.99,-1.84,8.28,0.12,-0.06,0.12,1771658366.433092
-0.94,-1.78,8.65,0.19,-0.27,0.18,1771658366.4461381
-0.94,-1.78,8.65,0.37,-0.83,0.26,1771658366.4591
-1.16,-1.58,8.77,0.51,-1.21,0.33,1771658366.472291
0.08,-2.18,7.74,0.69,-1.64,0.48,1771658366.485177
-0.6,-1.6,8.76,1.02,-2.42,0.55,1771658366.498162
-0.6,-1.6,8.76,1.1,-2.53,0.54,1771658366.511075
0.41,-1.44,10.41,1.05,-2.6,0.59,1771658366.524246
-0.04,-0.95,11.46,0.74,-2.61,0.52,1771658366.537157
-0.04,-0.95,11.46,0.59,-2.48,0.46,1771658366.55016
-0.01,-0.77,11.66,0.43,-2.34,0.4,1771658366.5631511
0.18,-0.49,11.18,0.21,-1.94,0.32,1771658366.576154
0.18,-0.49,11.18,0.11,-1.51,0.25,1771658366.589293
-0.66,-0.64,10.81,0.06,-0.93,0.13,1771658366.602098
0.02,-0.95,10.77,-0.1,0.02,-0.04,1771658366.615137
0.5,-0.6,10.47,-0.15,0.34,-0.09,1771658366.628107
0.5,-0.6,10.47,-0.15,0.67,-0.14,1771658366.641139
-0.97,-0.63,10.69,-0.16,1.58,-0.48,1771658366.6542988
-0.63,-1.06,11.9,-0.34,2.03,-0.65,1771658366.667378
-0.63,-1.06,11.9,-0.56,2.43,-0.68,1771658366.680151
-0.42,-1.59,11.34,-0.91,2.8,-0.66,1771658366.693318
-0.33,-1.65,10.28,-0.98,2.7,-0.63,1771658366.7062988
-0.33,-1.65,10.28,-0.93,2.54,-0.66,1771658366.719241
0.49,-1.6,8.55,-0.53,1.79,-0.38,1771658366.732126
0.14,-1.71,8.62,-0.31,1.38,-0.26,1771658366.7451048
-0.51,-1.52,9.23,-0.18,1.06,-0.19,1771658366.75828
-0.51,-1.52,9.23,-0.14,0.52,-0.1,1771658366.771292
-0.57,-1.68,8.75,-0.09,0.28,-0.04,1771658366.784226
-0.12,-1.56,8.53,-0.01,0.09,0.05,1771658366.797179
-0.12,-1.56,8.53,0.1,-0.39,0.18,1771658366.8101382
0.32,-1.6,8.83,0.13,-0.75,0.29,1771658366.823306
0.56,-1.89,8.31,0.2,-1.15,0.4,1771658366.8362129
-0.52,-1.23,9.14,0.4,-1.82,0.53,1771658366.849162
-0.52,-1.23,9.14,0.49,-2.03,0.51,1771658366.862179
0.57,-1.6,9.55,0.55,-2.2,0.56,1771658366.875115
0.27,-1.19,10.1,0.6,-2.31,0.64,1771658366.8883479
0.27,-1.19,10.1,0.6,-2.29,0.64,1771658366.901335
0.36,-1.06,10.18,0.51,-2.3,0.55,1771658366.914263
0.07,-0.62,11.86,0.34,-2.25,0.45,1771658366.9271328
0.07,-0.62,11.86,0.18,-2.14,0.37,1771658366.9401338
-0.06,-0.8,11.31,0.07,-1.41,0.14,1771658366.95342
-0.45,-0.95,10.57,0.08,-0.83,0.06,1771658366.966183
-0.51,-0.84,10.79,0.03,-0.21,-0.04,1771658366.979222
-0.51,-0.84,10.79,-0.21,1.11,-0.21,1771658366.992188
-0.7,-0.6,11.01,-0.34,1.7,-0.35,1771658367.0052202
0.01,-1.26,10.85,-0.44,2.06,-0.48,1771658367.018362
0.01,-1.26,10.85,-0.5,2.12,-0.53,1771658367.031199
0.39,-1.35,10.75,-0.51,2.04,-0.55,1771658367.044207
0.33,-1.52,9.81,-0.46,2.02,-0.55,1771658367.057345
0.33,-1.52,9.81,-0.39,1.91,-0.4,1771658367.070267
1.24,-2.08,9.8,-0.42,1.82,-0.26,1771658367.083221
1.19,-2.13,9.16,-0.45,1.65,-0.11,1771658367.0962298
0.92,-1.98,9.01,-0.27,1.17,0.06,1771658367.109169
0.92,-1.98,9.01,-0.21,0.87,0.2,1771658367.1223848
0.3,-1.85,9.5,-0.2,0.6,0.32,1771658367.135233
-2.21,-1.03,9.11,-0.11,0.19,0.31,1771658367.1482298
-2.21,-1.03,9.11,-0.02,0.03,0.21,1771658367.161192
-1.49,-1.33,8.9,0.07,-0.01,0.18,1771658367.174381
-0.85,-1.68,9.28,0.07,-0.16,0.15,1771658367.1874151
-1.13,-1.53,9.33,0.03,-0.34,0.13,1771658367.200329
-1.13,-1.53,9.33,0.02,-0.52,0.07,1771658367.213234
-0.8,-1.45,9.08,0.17,-0.8,-0.01,1771658367.2262201
-0.62,-1.28,9.55,0.23,-0.94,-0.04,1771658367.2394161
-0.62,-1.28,9.55,0.27,-0.97,-0.07,1771658367.252293
-0.5,-1.4,9.55,0.3,-0.91,-0.07,1771658367.2652109
-0.39,-1.65,9.26,0.28,-0.82,-0.06,1771658367.2782059
-0.39,-1.65,9.26,0.25,-0.69,-0.04,1771658367.291237
-0.2,-1.61,9.5,0.14,-0.45,-0.02,1771658367.304415
0.0,-1.36,10.05,0.08,-0.36,-0.03,1771658367.3174012
0.1,-1.28,10.02,0.05,-0.3,-0.04,1771658367.330333
0.1,-1.28,10.02,0.11,-0.11,-0.05,1771658367.3432488
0.08,-1.05,10.55,0.16,0.09,-0.08,1771658367.356395
-0.15,-1.36,11.01,0.14,0.29,-0.12,1771658367.369397
-0.15,-1.36,11.01,0.01,0.42,-0.15,1771658367.3824031
-0.03,-1.75,10.53,-0.05,0.36,-0.13,1771658367.395228
0.11,-1.43,9.46,0.03,0.45,-0.13,1771658367.4082508
0.11,-1.43,9.46,0.05,0.35,-0.11,1771658367.4212742
-0.05,-1.66,9.48,0.06,0.29,-0.1,1771658367.434429
-0.34,-1.45,9.3,0.1,0.17,-0.04,1771658367.447329
-3.46,-1.34,5.26,-0.17,-0.1,0.04,1771658367.46024
-3.46,-1.34,5.26,0.98,0.45,0.04,1771658367.473182
-0.99,-1.48,7.93,0.56,0.69,-0.06,1771658367.4861782
-0.93,-1.63,8.5,0.29,0.73,-0.03,1771658367.4990988
-0.93,-1.63,8.5,0.29,0.76,-0.02,1771658367.512021
0.16,-1.24,8.45,0.15,0.41,0.05,1771658367.5251079
-0.66,-0.5,9.76,0.04,0.23,-0.02,1771658367.5380301
-0.66,-0.5,9.76,-0.09,0.11,-0.04,1771658367.551096
-0.76,-1.14,9.31,-0.07,0.06,0.02,1771658367.5640872
-0.83,-1.25,9.98,0.03,0.13,0.04,1771658367.577106
-0.82,-0.97,10.57,0.06,0.2,0.02,1771658367.5900228
-0.82,-0.97,10.57,-0.09,0.27,-0.03,1771658367.603138
-0.55,-0.83,10.23,-0.11,0.15,-0.02,1771658367.616089
0.84,-1.97,8.91,0.02,-0.19,0.14,1771658367.629133
0.84,-1.97,8.91,0.73,-1.21,0.67,1771658367.642132
0.86,-2.16,0.34,1.77,-1.99,1.0,1771658367.6552231
1.15,-0.65,2.84,2.84,-2.69,1.2,1771658367.668279
-4.77,-7.53,-21.75,1.79,1.2,0.27,1771658367.681252
-4.77,-7.53,-21.75,-1.06,-0.56,-0.25,1771658367.694278
-2.36,-3.17,-16.83,-0.32,0.41,-0.15,1771658367.70722
-0.08,-2.33,-11.06,0.0,-0.14,-0.43,1771658367.720329
-0.08,-2.33,-11.06,1.42,-0.61,-0.43,1771658367.733412
2.17,1.97,3.99,0.42,-1.7,-0.41,1771658367.7463171
1.29,13.93,13.07,0.05,0.82,-0.48,1771658367.75937
1.29,13.93,13.07,0.29,-0.22,-0.51,1771658367.7724679
-0.3,-1.65,-4.52,-0.17,0.43,-0.41,1771658367.785302
1.51,-1.56,11.24,0.12,0.15,-0.21,1771658367.798381
-1.34,0.83,-7.87,0.11,-0.11,-0.19,1771658367.811299
-1.34,0.83,-7.87,0.87,-0.26,-0.27,1771658367.82438
-1.97,8.51,15.24,-0.71,-0.81,-0.63,1771658367.837486
1.05,-0.29,13.54,-0.48,-0.36,-0.51,1771658367.850325
1.05,-0.29,13.54,1.03,0.81,0.08,1771658367.863311
-0.2,-1.03,4.15,0.78,0.73,0.09,1771658367.87635
-1.47,-0.38,5.12,0.13,0.67,-0.04,1771658367.889302
-1.47,-0.38,5.12,-0.86,0.06,-0.27,1771658367.902518
0.44,8.75,18.05,-0.99,0.5,-0.3,1771658367.9153721
-1.71,2.84,27.6,1.2,0.55,-0.16,1771658367.928319
0.3,0.12,14.56,-0.16,-0.25,-0.16,1771658367.9468732
0.3,0.12,14.56,-0.13,-0.32,-0.11,1771658367.954774
-0.17,0.85,21.09,-0.2,-0.34,-0.07,1771658367.967149
0.09,0.44,11.5,-0.1,0.14,0.01,1771658367.980128
0.09,0.44,11.5,0.12,0.21,-0.0,1771658367.993193
-0.07,-0.1,7.53,-0.04,0.18,-0.03,1771658368.006112
-0.25,-0.06,9.26,0.0,0.03,-0.07,1771658368.0192058
0.02,0.16,10.88,0.06,-0.08,-0.09,1771658368.0321972
0.02,0.16,10.88,-0.04,-0.08,-0.07,1771658368.045311
-0.04,0.01,9.56,0.01,-0.07,0.01,1771658368.058316
-0.05,0.1,9.59,0.02,-0.03,0.01,1771658368.0713449
-0.05,0.1,9.59,-0.01,-0.04,0.03,1771658368.084333
-0.32,0.2,9.85,0.01,-0.02,0.0,1771658368.097389
0.0,-0.01,10.08,0.01,0.01,-0.01,1771658368.1102688
0.0,-0.01,10.08,0.01,0.02,0.01,1771658368.123311
-0.03,-0.02,9.96,0.01,0.0,0.01,1771658368.136485
-0.04,-0.08,9.98,0.01,-0.02,0.01,1771658368.149357
-0.0,0.0,9.96,0.01,-0.02,0.01,1771658368.16239
-0.0,0.0,9.96,0.01,0.0,0.01,1771658368.175734
-0.04,0.0,9.93,0.01,0.01,0.01,1771658368.188528
0.08,-0.11,9.9,0.01,-0.0,0.01,1771658368.201441
0.08,-0.11,9.9,0.0,0.01,0.01,1771658368.21438
0.07,0.09,10.02,0.02,0.05,0.01,1771658368.2273679
-0.15,0.0,10.11,0.02,0.01,0.01,1771658368.240339
-0.15,0.0,10.11,0.03,0.01,0.0,1771658368.2535439
-0.06,-0.12,9.58,0.02,0.01,0.01,1771658368.267134
0.12,0.05,9.95,0.01,0.01,0.01,1771658368.279352
0.12,-0.09,9.79,0.02,0.02,0.02,1771658368.2922618
0.12,-0.09,9.79,0.01,0.03,0.01,1771658368.3054311
-0.18,0.1,9.97,0.01,0.04,-0.01,1771658368.3184261
0.17,0.0,10.56,0.01,-0.02,-0.0,1771658368.331317
0.17,0.0,10.56,0.03,-0.01,0.02,1771658368.344356
0.08,-0.15,9.8,-0.0,0.01,0.02,1771658368.357352
-0.13,0.11,9.71,0.02,0.01,0.01,1771658368.370412
-0.13,0.11,9.71,0.03,0.01,0.0,1771658368.3834372
-0.04,0.01,9.8,0.0,0.01,0.0,1771658368.396401
-0.01,-0.01,10.1,0.01,0.01,-0.01,1771658368.40936
-0.04,-0.03,9.84,0.02,0.01,0.0,1771658368.4225779
-0.04,-0.03,9.84,0.01,0.01,-0.0,1771658368.435363
-0.05,-0.03,9.89,0.01,0.01,-0.01,1771658368.448405
-0.02,0.0,9.91,0.02,0.01,0.0,1771658368.4613929
-0.02,0.0,9.91,0.01,0.01,0.0,1771658368.474508
-0.01,-0.04,9.98,0.01,0.01,0.0,1771658368.487551
0.02,0.09,9.97,0.01,0.01,-0.0,1771658368.500608
0.03,0.0,9.92,0.01,0.01,0.0,1771658368.51347
0.03,0.0,9.92,0.01,0.01,0.01,1771658368.526418
-0.09,0.02,9.91,0.01,0.01,0.0,1771658368.539586
0.02,-0.06,9.99,0.01,0.01,0.01,1771658368.5530329
0.02,-0.06,9.99,0.02,0.01,0.01,1771658368.56707
-0.05,-0.07,9.95,0.02,0.02,0.01,1771658368.57821
0.05,-0.03,9.96,0.01,0.01,0.02,1771658368.591243
0.05,-0.03,9.96,0.01,0.01,0.02,1771658368.604189
-0.16,0.08,9.93,0.0,0.01,0.01,1771658368.6172328
0.0,-0.02,9.93,0.01,0.01,0.01,1771658368.6302001
0.02,-0.01,9.99,0.01,0.01,0.01,1771658368.643284
0.02,-0.01,9.99,0.01,0.01,0.02,1771658368.65623
-0.17,0.01,9.96,0.01,0.01,-0.0,1771658368.669313
-0.02,0.0,9.96,0.01,0.01,-0.01,1771658368.682291
-0.02,0.0,9.96,0.01,0.01,-0.01,1771658368.6952991
-0.02,0.03,9.88,0.01,0.01,-0.0,1771658368.708396
-0.02,0.0,9.95,0.01,0.01,-0.0,1771658368.721328
-0.02,0.0,9.95,0.01,0.01,-0.0,1771658368.734355
0.0,0.03,9.96,0.01,0.01,0.0,1771658368.747345
0.03,-0.03,9.96,0.01,0.01,-0.0,1771658368.7604601
-0.0,0.01,10.0,0.01,0.01,0.01,1771658368.77342
-0.0,0.01,10.0,0.01,0.01,-0.0,1771658368.786533
-0.03,0.01,9.97,0.02,0.01,-0.0,1771658368.7994509
-0.02,0.01,9.99,0.01,0.01,-0.0,1771658368.812489
-0.02,0.01,9.99,0.01,0.01,0.0,1771658368.825917
-0.06,0.02,10.0,0.01,0.01,-0.0,1771658368.83867
-0.01,-0.0,9.96,0.01,0.01,-0.0,1771658368.851569
-0.05,0.04,9.96,0.02,0.01,-0.0,1771658368.864486
-0.05,0.04,9.96,0.02,0.01,-0.0,1771658368.877471
0.01,-0.02,9.97,0.01,0.01,-0.01,1771658368.890608
0.04,0.01,10.03,0.01,0.01,-0.0,1771658368.903557
0.04,0.01,10.03,0.01,0.01,0.0,1771658368.916657
0.01,-0.07,10.0,0.01,0.01,0.0,1771658368.929474
-0.06,-0.03,9.95,0.01,0.01,0.0,1771658368.942476
-0.06,-0.03,9.95,0.01,0.01,0.0,1771658368.955532
-0.11,-0.03,9.97,0.01,0.01,-0.0,1771658368.968491
-0.07,0.04,9.97,0.01,0.01,-0.0,1771658368.981547
-0.03,0.05,9.92,0.01,0.02,-0.0,1771658368.994456
-0.03,0.05,9.92,0.01,0.02,0.0,1771658369.008306
-0.08,0.0,9.97,0.01,0.02,-0.0,1771658369.020555
-0.06,0.04,9.95,0.01,0.01,-0.0,1771658369.03353
-0.06,0.04,9.95,0.01,0.02,0.0,1771658369.0465522
0.0,0.03,9.96,0.01,0.01,-0.0,1771658369.0594828
0.04,-0.0,9.95,0.01,0.01,-0.0,1771658369.072654
0.04,-0.0,9.95,0.02,0.02,-0.0,1771658369.085569
-0.03,0.0,9.97,0.01,0.02,0.0,1771658369.098548
0.03,0.01,10.01,0.01,0.02,0.0,1771658369.111566
-0.02,0.0,9.95,0.02,0.01,0.0,1771658369.12467
-0.02,0.0,9.95,0.01,0.02,-0.01,1771658369.1376839
-0.06,-0.02,9.96,0.01,0.02,-0.0,1771658369.1507862
-0.07,0.04,10.0,0.01,0.01,-0.0,1771658369.163523
-0.07,0.04,10.0,0.01,0.01,-0.01,1771658369.176555
0.02,-0.04,9.99,0.01,0.01,0.0,1771658369.1896992
0.0,-0.07,9.96,0.01,0.01,0.0,1771658369.202504
-0.05,0.03,9.97,0.02,0.02,0.0,1771658369.215519
-0.05,0.03,9.97,0.01,0.02,-0.0,1771658369.228506
0.0,0.0,10.0,0.01,0.02,0.0,1771658369.241672
-0.01,-0.0,9.93,0.01,0.02,-0.0,1771658369.254654
-0.01,-0.0,9.93,0.01,0.02,0.0,1771658369.267564
-0.0,0.0,10.01,0.01,0.01,-0.0,1771658369.280548
0.03,0.04,9.93,0.01,0.02,0.0,1771658369.2935328
0.03,0.04,9.93,0.01,0.02,-0.0,1771658369.3067148
-0.01,0.02,9.96,0.01,0.02,-0.0,1771658369.319624
-0.09,0.21,10.73,0.03,0.71,0.01,1771658369.3325481
-0.39,-0.17,8.33,0.02,0.11,0.02,1771658369.345493
-0.39,-0.17,8.33,0.05,-0.36,-0.02,1771658369.358835
-0.23,-0.1,10.0,0.06,-0.57,-0.07,1771658369.371712
0.72,-0.13,7.83,0.09,-0.34,0.0,1771658369.384588
0.72,-0.13,7.83,0.05,0.14,0.12,1771658369.397526
-0.29,0.25,11.37,0.05,0.04,0.11,1771658369.410562
-0.31,0.08,10.61,0.03,0.06,-0.05,1771658369.423712
-0.31,0.08,10.61,0.03,0.07,-0.1,1771658369.4365819
0.0,-0.13,9.48,0.01,0.02,-0.08,1771658369.449555
0.51,-0.27,9.57,0.03,-0.01,-0.01,1771658369.462616
-0.32,0.04,9.48,0.01,-0.03,-0.04,1771658369.475601
-0.32,0.04,9.48,-0.02,0.0,-0.06,1771658369.488676
-0.11,0.36,10.63,0.07,0.02,-0.08,1771658369.501662
-0.08,0.34,11.18,-0.03,0.02,-0.03,1771658369.514553
-0.08,0.34,11.18,0.0,0.02,-0.01,1771658369.527553
-0.47,0.4,10.28,0.01,-0.01,-0.04,1771658369.540565
0.05,-0.17,9.78,-0.0,-0.02,-0.06,1771658369.5537548
0.05,-0.17,9.78,0.01,-0.02,-0.02,1771658369.5666602
0.06,-0.02,10.22,-0.0,-0.1,0.08,1771658369.579613
2.24,-0.83,8.9,0.03,0.2,0.53,1771658369.5926652
-0.57,0.13,9.89,-0.03,0.56,0.25,1771658369.6056588
-0.57,0.13,9.89,-0.06,0.16,0.1,1771658369.618631
0.09,0.33,9.97,-0.04,0.28,0.09,1771658369.631658
-0.55,-0.22,10.87,-0.03,0.25,0.08,1771658369.6446102
-0.55,-0.22,10.87,-0.14,0.2,-0.04,1771658369.657741
-0.65,-0.08,10.31,-0.18,0.21,-0.08,1771658369.6708028
-1.04,0.26,10.06,-0.19,0.28,-0.08,1771658369.683716
-0.28,-0.36,10.35,-0.21,0.34,-0.25,1771658369.696647
-0.28,-0.36,10.35,-0.29,0.34,-0.21,1771658369.7096598
0.7,-0.6,11.88,-0.38,0.61,-0.05,1771658369.722867
-1.23,-0.63,14.39,-0.8,1.61,0.05,1771658369.735627
-1.23,-0.63,14.39,-0.8,2.01,0.07,1771658369.7484128
-1.32,-0.29,9.01,-0.33,2.12,0.03,1771658369.761512
-2.23,-0.15,9.0,-0.04,1.93,-0.05,1771658369.774407
-2.23,-0.15,9.0,0.1,1.55,-0.09,1771658369.787479
-2.22,-0.5,9.1,0.05,0.91,-0.13,1771658369.800448
-2.05,-0.37,9.35,-0.04,0.84,-0.18,1771658369.813426
-1.62,-0.51,9.07,-0.01,0.82,-0.3,1771658369.826485
-1.62,-0.51,9.07,-0.06,0.64,-0.32,1771658369.839519
-1.8,-0.15,9.73,-0.1,0.45,-0.27,1771658369.852531
-2.75,-0.35,9.43,-0.05,0.33,-0.28,1771658369.865579
-2.75,-0.35,9.43,0.06,0.31,-0.33,1771658369.878586
-2.41,-0.89,9.8,0.02,0.31,-0.25,1771658369.891598
